Compound,SampID,ID,type,replicate,Condition_B12,Condition_TOD,Condition_Culture,Cells_on_Filter,Cell_Volume_um3,Smp_Biovolume_um3,Smp_Biovolume_L,PeakArea,nM_in_vial,nmoles_in_vial,nmole_per_cell,nmole_per_biovolume_L,min.area.flag,blk.ratio.flag
Me-B12,241121_Smp_UCYNA_Z-2,Z-2,filter blank,B,NA,NA,NA,NA,NA,NA,NA,542,3.9407098943546374e-4,1.576283957741855e-7,NA,NA,Flag,Flag
Me-B12,241121_Smp_UCYNA_Z-4,Z-4,filter blank,A,plus_B12,Day,NA,NA,NA,NA,NA,1460,0.0010615196394387,4.2460785577548e-7,NA,NA,Flag,Flag
Me-B12,241121_Smp_UCYNA_Z-7,Z-7,filter blank,A,plus_B12,Night,NA,NA,NA,NA,NA,22,1.5995501416199636e-5,6.398200566479854e-9,NA,NA,Flag,Flag
Me-B12,241121_Smp_UCYNA_Z-12,Z-12,filter blank,C,minus_B12,Day,NA,NA,NA,NA,NA,617,4.4860110789978066e-4,1.7944044315991227e-7,NA,NA,Flag,Flag
Me-B12,241121_Smp_UCYNA_Z-13,Z-13,filter blank,A,minus_B12,Night,NA,NA,NA,NA,NA,1142,8.303119371499992e-4,3.321247748599997e-7,NA,NA,Flag,Flag
Me-B12,241121_Smp_UCYNA_Z-17,Z-17,filter blank,B,NA,NA,NA,NA,NA,NA,NA,473,3.4390328044829214e-4,1.3756131217931687e-7,NA,NA,Flag,Flag
Me-B12,241121_Smp_UCYNA_Z-19,Z-19,culture,A,plus_B12,Day,Culture,3660000,175,640500000,6.405e-7,401937,0.2922356296692288,1.1689425186769151e-4,3.1938320182429373e-11,182.50468675673926,NA,NA
Me-B12,241121_Smp_UCYNA_Z-20,Z-20,culture,B,plus_B12,Day,Culture,3620000,175,633500000,6.335e-7,317765,0.23103684125084897,9.241473650033958e-5,2.552893273490044e-11,145.8796156280025,NA,NA
Me-B12,241121_Smp_UCYNA_Z-21,Z-21,culture,C,plus_B12,Day,Culture,4040000,175,707000000,7.07e-7,1127,8.194059134571358e-4,3.277623653828543e-7,8.112929836209265e-14,0.4635959906405295,Flag,Flag
Me-B12,241121_Smp_UCYNA_Z-22,Z-22,culture,A,plus_B12,Night,Culture,2840000,175,497000000,4.97e-7,880648,0.6402911968715171,2.5611647874860686e-4,9.018185871429819e-11,515.3249069388469,NA,NA
Me-B12,241121_Smp_UCYNA_Z-23,Z-23,culture,B,plus_B12,Night,Culture,2740000,175,479500000,4.795e-7,918377,0.6677227547320533,2.6708910189282136e-4,9.747777441343846e-11,557.0158537910769,NA,NA
Me-B12,241121_Smp_UCYNA_Z-24,Z-24,culture,C,plus_B12,Night,Culture,3120000,175,546000000,5.46e-7,829908,0.6033997540597912,2.4135990162391647e-4,7.735894282817835e-11,442.0511018753048,NA,NA
Me-B12,241121_Smp_UCYNA_Z-25,Z-25,UCYN-A,A,plus_B12,Day,UCYN-A,8474000,15,127110000,1.2711e-7,1130,8.215871181957086e-4,3.286348472782834e-7,3.878154912417789e-14,2.585436608278526,Flag,Flag
Me-B12,241121_Smp_UCYNA_Z-26,Z-26,UCYN-A,B,plus_B12,Day,UCYN-A,17385000,15,260775000,2.60775e-7,367,2.6683404635205753e-4,1.0673361854082302e-7,6.1394086017154454e-15,0.40929390678102967,Flag,Flag
Me-B12,241121_Smp_UCYNA_Z-27,Z-27,UCYN-A,C,plus_B12,Day,UCYN-A,9063000,15,135945000,1.35945e-7,119,8.652112129671621e-5,3.460844851868648e-8,3.8186526005391684e-15,0.25457684003594455,Flag,Flag
Me-B12,241121_Smp_UCYNA_Z-28,Z-28,UCYN-A,A,plus_B12,Night,UCYN-A,15513500,15,232702500,2.327025e-7,829,6.027395760922499e-4,2.4109583043689993e-7,1.5541033966345436e-14,1.0360689310896958,Flag,Flag
Me-B12,241121_Smp_UCYNA_Z-29,Z-29,UCYN-A,B,plus_B12,Night,UCYN-A,14706000,15,220590000,2.2059e-7,774,5.627508225517508e-4,2.2510032902070032e-7,1.5306699919808263e-14,1.020446661320551,Flag,Flag
Me-B12,241121_Smp_UCYNA_Z-30,Z-30,UCYN-A,C,plus_B12,Night,UCYN-A,16444500,15,246667500,2.466675e-7,202376,0.1471411633911281,5.8856465356451236e-5,3.579097288239304e-12,238.60648588262026,NA,NA
Me-B12,241121_Smp_UCYNA_Z-31,Z-31,culture,A,minus_B12,Day,Culture,855000,175,149625000,1.49625e-7,239903,0.17442585346593367,6.977034138637348e-5,8.160273846359472e-11,466.30136264911266,NA,NA
Me-B12,241121_Smp_UCYNA_Z-32,Z-32,culture,B,minus_B12,Day,Culture,945000,175,165375000,1.65375e-7,254512,0.1850475934745364,7.401903738981456e-5,7.832702369292546e-11,447.5829925310026,NA,NA
Me-B12,241121_Smp_UCYNA_Z-33,Z-33,culture,C,minus_B12,Day,Culture,960000,175,168000000,1.68e-7,1774,0.00128981906874264,5.15927627497056e-7,5.374246119761e-13,3.0709977827205717,Flag,Flag
Me-B12,241121_Smp_UCYNA_Z-34,Z-34,culture,A,minus_B12,Night,Culture,690000,175,120750000,1.2075e-7,495975,0.36060767340452793,1.4424306936181117e-4,2.0904792661132054e-10,1194.5595806361175,NA,NA
Me-B12,241121_Smp_UCYNA_Z-35,Z-35,culture,B,minus_B12,Night,Culture,780000,175,136500000,1.365e-7,124159,0.09027206637881502,3.610882655152601e-5,4.629336737375129e-11,264.5335278500074,NA,NA
Me-B12,241121_Smp_UCYNA_Z-36,Z-36,culture,C,minus_B12,Night,Culture,855000,175,149625000,1.49625e-7,307939,0.22389266866377724,8.95570674655109e-5,1.0474510814679638e-10,598.5434751245508,NA,NA
Me-B12,241121_Smp_UCYNA_Z-37,Z-37,UCYN-A,A,minus_B12,Day,UCYN-A,8863500,15,132952500,1.329525e-7,557,4.0497701312832714e-4,1.6199080525133087e-7,1.8276166892461315e-14,1.2184111261640878,Flag,Flag
Me-B12,241121_Smp_UCYNA_Z-38,Z-38,UCYN-A,B,minus_B12,Day,UCYN-A,12958000,15,194370000,1.9437e-7,355,2.581092273977668e-4,1.0324369095910672e-7,7.967563741249167e-15,0.5311709160832778,Flag,Flag
Me-B12,241121_Smp_UCYNA_Z-39,Z-39,UCYN-A,C,minus_B12,Day,UCYN-A,9395500,15,140932500,1.409325e-7,725,5.27124478488397e-4,2.1084979139535882e-7,2.244157217767642e-14,1.4961048118450948,Flag,Flag
Me-B12,241121_Smp_UCYNA_Z-40,Z-40,UCYN-A,A,minus_B12,Night,UCYN-A,12407000,15,186105000,1.86105e-7,296,2.1521220087250415e-4,8.608488034900167e-8,6.9384122147982325e-15,0.4625608143198821,Flag,Flag
Me-B12,241121_Smp_UCYNA_Z-41,Z-41,UCYN-A,B,minus_B12,Night,UCYN-A,9690000,15,145350000,1.4535e-7,1376,0.0010004459067586601,4.00178362703464e-7,4.129807664638431e-14,2.7532051097589543,Flag,Flag
Me-B12,241121_Smp_UCYNA_Z-42,Z-42,UCYN-A,C,minus_B12,Night,UCYN-A,8654500,15,129817500,1.298175e-7,569,4.1370183208261786e-4,1.6548073283304714e-7,1.9120773335611202e-14,1.2747182223740803,Flag,Flag
Ado-B12,241121_Smp_UCYNA_Z-2,Z-2,filter blank,B,NA,NA,NA,NA,NA,NA,NA,108,1.4012638453142669e-4,5.6050553812570674e-8,NA,NA,Flag,Flag
Ado-B12,241121_Smp_UCYNA_Z-4,Z-4,filter blank,A,plus_B12,Day,NA,NA,NA,NA,NA,260,3.373412960941754e-4,1.3493651843767017e-7,NA,NA,Flag,Flag
Ado-B12,241121_Smp_UCYNA_Z-7,Z-7,filter blank,A,plus_B12,Night,NA,NA,NA,NA,NA,480,6.227839312507853e-4,2.491135725003141e-7,NA,NA,Flag,Flag
Ado-B12,241121_Smp_UCYNA_Z-12,Z-12,filter blank,C,minus_B12,Day,NA,NA,NA,NA,NA,97,1.258542527735962e-4,5.034170110943847e-8,NA,NA,Flag,Flag
Ado-B12,241121_Smp_UCYNA_Z-13,Z-13,filter blank,A,minus_B12,Night,NA,NA,NA,NA,NA,531,6.889547239461813e-4,2.7558188957847253e-7,NA,NA,Flag,Flag
Ado-B12,241121_Smp_UCYNA_Z-17,Z-17,filter blank,B,NA,NA,NA,NA,NA,NA,NA,332,4.307588857817932e-4,1.7230355431271726e-7,NA,NA,Flag,Flag
Ado-B12,241121_Smp_UCYNA_Z-19,Z-19,culture,A,plus_B12,Day,Culture,3660000,175,640500000,6.405e-7,350284,0.45448176369635435,1.8179270547854172e-4,4.9670138108891184e-11,283.8293606222353,NA,NA
Ado-B12,241121_Smp_UCYNA_Z-20,Z-20,culture,B,plus_B12,Day,Culture,3620000,175,633500000,6.335e-7,365094,0.473697242908488,1.894788971633952e-4,5.234223678546829e-11,299.09849591696167,NA,NA
Ado-B12,241121_Smp_UCYNA_Z-21,Z-21,culture,C,plus_B12,Day,Culture,4040000,175,707000000,7.07e-7,2388,0.00309835005797265,1.2393400231890598e-6,3.0676733247253956e-13,1.752956185557369,Flag,NA
Ado-B12,241121_Smp_UCYNA_Z-22,Z-22,culture,A,plus_B12,Night,Culture,2840000,175,497000000,4.97e-7,584890,0.7588751948943163,3.035500779577265e-4,1.0688383026680511e-10,610.7647443817435,NA,NA
Ado-B12,241121_Smp_UCYNA_Z-23,Z-23,culture,B,plus_B12,Night,Culture,2740000,175,479500000,4.795e-7,699136,0.9071055553311438,3.628422221324575e-4,1.3242416866148085e-10,756.709535208462,NA,NA
Ado-B12,241121_Smp_UCYNA_Z-24,Z-24,culture,C,plus_B12,Night,Culture,3120000,175,546000000,5.46e-7,546814,0.7094728595478478,2.837891438191391e-4,9.095805891639074e-11,519.7603366650899,NA,NA
Ado-B12,241121_Smp_UCYNA_Z-25,Z-25,UCYN-A,A,plus_B12,Day,UCYN-A,8474000,15,127110000,1.2711e-7,1224,0.0015880990246895,6.352396098758e-7,7.496337147460467e-14,4.997558098306977,Flag,NA
Ado-B12,241121_Smp_UCYNA_Z-26,Z-26,UCYN-A,B,plus_B12,Day,UCYN-A,17385000,15,260775000,2.60775e-7,1270,0.0016477824847677,6.5911299390708e-7,3.791274051809491e-14,2.527516034539661,Flag,NA
Ado-B12,241121_Smp_UCYNA_Z-27,Z-27,UCYN-A,C,plus_B12,Day,UCYN-A,9063000,15,135945000,1.35945e-7,568,7.369609853134293e-4,2.9478439412537173e-7,3.2526138599290715e-14,2.168409239952714,Flag,Flag
Ado-B12,241121_Smp_UCYNA_Z-28,Z-28,UCYN-A,A,plus_B12,Night,UCYN-A,15513500,15,232702500,2.327025e-7,12,1.5569598281269632e-5,6.227839312507853e-9,4.014464377805043e-16,0.026763095852033618,Flag,Flag
Ado-B12,241121_Smp_UCYNA_Z-29,Z-29,UCYN-A,B,plus_B12,Night,UCYN-A,14706000,15,220590000,2.2059e-7,280,3.632906265629581e-4,1.4531625062518325e-7,9.881425991104532e-15,0.6587617327403021,Flag,Flag
Ado-B12,241121_Smp_UCYNA_Z-30,Z-30,UCYN-A,C,plus_B12,Night,UCYN-A,16444500,15,246667500,2.466675e-7,595237,0.772300081012341,3.0892003240493644e-4,1.878561418133336e-11,1252.3742787555573,NA,NA
Ado-B12,241121_Smp_UCYNA_Z-31,Z-31,culture,A,minus_B12,Day,Culture,855000,175,149625000,1.49625e-7,617405,0.8010623189039399,3.204249275615759e-4,3.7476599714804204e-10,2141.5199837030973,NA,NA
Ado-B12,241121_Smp_UCYNA_Z-32,Z-32,culture,B,minus_B12,Day,Culture,945000,175,165375000,1.65375e-7,661143,0.8578109097061207,3.431243638824483e-4,3.6309456495497175e-10,2074.826085456981,NA,NA
Ado-B12,241121_Smp_UCYNA_Z-33,Z-33,culture,C,minus_B12,Day,Culture,960000,175,168000000,1.68e-7,3815,0.0049498347869203,1.97993391476812e-6,2.0624311612167916e-12,11.785320921238808,Flag,NA
Ado-B12,241121_Smp_UCYNA_Z-34,Z-34,culture,A,minus_B12,Night,Culture,690000,175,120750000,1.2075e-7,1278095,1.6582854762749426,6.633141905099771e-4,9.613249137825754e-10,5493.285221614718,NA,NA
Ado-B12,241121_Smp_UCYNA_Z-35,Z-35,culture,B,minus_B12,Night,Culture,780000,175,136500000,1.365e-7,898765,1.1661174999387751,4.6644699997551003e-4,5.98008974327577e-10,3417.1941390147254,NA,NA
Ado-B12,241121_Smp_UCYNA_Z-36,Z-36,culture,C,minus_B12,Night,Culture,855000,175,149625000,1.49625e-7,1079326,1.400389352877469,5.601557411509875e-4,6.55152913626886e-10,3743.730935010777,NA,NA
Ado-B12,241121_Smp_UCYNA_Z-37,Z-37,UCYN-A,A,minus_B12,Day,UCYN-A,8863500,15,132952500,1.329525e-7,1918,0.00248854079195626,9.95416316782504e-7,1.123051071001866e-13,7.487007140012441,Flag,NA
Ado-B12,241121_Smp_UCYNA_Z-38,Z-38,UCYN-A,B,minus_B12,Day,UCYN-A,12958000,15,194370000,1.9437e-7,1111,0.00144148530754088,5.765941230163521e-7,4.4497154114551017e-14,2.9664769409700673,Flag,NA
Ado-B12,241121_Smp_UCYNA_Z-39,Z-39,UCYN-A,C,minus_B12,Day,UCYN-A,9395500,15,140932500,1.409325e-7,884,0.00114696040672019,4.58784162688076e-7,4.8830201978402e-14,3.2553467985601334,Flag,Flag
Ado-B12,241121_Smp_UCYNA_Z-40,Z-40,UCYN-A,A,minus_B12,Night,UCYN-A,12407000,15,186105000,1.86105e-7,574,7.447457844540641e-4,2.978983137816256e-7,2.401050324668539e-14,1.6007002164456925,Flag,Flag
Ado-B12,241121_Smp_UCYNA_Z-41,Z-41,UCYN-A,B,minus_B12,Night,UCYN-A,9690000,15,145350000,1.4535e-7,434,5.631004711725851e-4,2.2524018846903403e-7,2.3244601493192366e-14,1.549640099546158,Flag,Flag
Ado-B12,241121_Smp_UCYNA_Z-42,Z-42,UCYN-A,C,minus_B12,Night,UCYN-A,8654500,15,129817500,1.298175e-7,258,3.347463630472971e-4,1.3389854521891883e-7,1.547155181915984e-14,1.0314367879439894,Flag,Flag
OH-B12,241121_Smp_UCYNA_Z-2,Z-2,filter blank,B,NA,NA,NA,NA,NA,NA,NA,273,2.1291901938598693e-4,8.516760775439477e-8,NA,NA,Flag,Flag
OH-B12,241121_Smp_UCYNA_Z-4,Z-4,filter blank,A,plus_B12,Day,NA,NA,NA,NA,NA,6169,0.00481134589960495,1.9245383598419803e-6,NA,NA,Flag,Flag
OH-B12,241121_Smp_UCYNA_Z-7,Z-7,filter blank,A,plus_B12,Night,NA,NA,NA,NA,NA,24475,0.01908861904568509,7.635447618274036e-6,NA,NA,Flag,NA
OH-B12,241121_Smp_UCYNA_Z-12,Z-12,filter blank,C,minus_B12,Day,NA,NA,NA,NA,NA,1421,0.00110827079321423,4.43308317285692e-7,NA,NA,Flag,Flag
OH-B12,241121_Smp_UCYNA_Z-13,Z-13,filter blank,A,minus_B12,Night,NA,NA,NA,NA,NA,58,4.523554258017305e-5,1.809421703206922e-8,NA,NA,Flag,Flag
OH-B12,241121_Smp_UCYNA_Z-17,Z-17,filter blank,B,NA,NA,NA,NA,NA,NA,NA,376,2.932511036231908e-4,1.1730044144927633e-7,NA,NA,Flag,Flag
OH-B12,241121_Smp_UCYNA_Z-19,Z-19,culture,A,plus_B12,Day,Culture,3660000,175,640500000,6.405e-7,1556096,1.213635290807534,4.8545411632301363e-4,1.3263773670027695e-10,757.9299240015825,NA,NA
OH-B12,241121_Smp_UCYNA_Z-20,Z-20,culture,B,plus_B12,Day,Culture,3620000,175,633500000,6.335e-7,1478563,1.1531655093787656,4.612662037515062e-4,1.2742160324627244e-10,728.1234471215569,NA,NA
OH-B12,241121_Smp_UCYNA_Z-21,Z-21,culture,C,plus_B12,Day,Culture,4040000,175,707000000,7.07e-7,272,2.1213909623805292e-4,8.485563849522116e-8,2.1003870914658704e-14,0.12002211951233545,Flag,Flag
OH-B12,241121_Smp_UCYNA_Z-22,Z-22,culture,A,plus_B12,Night,Culture,2840000,175,497000000,4.97e-7,1934374,1.5086630593617183,6.034652237446874e-4,2.1248775483967866e-10,1214.215741941021,NA,NA
OH-B12,241121_Smp_UCYNA_Z-23,Z-23,culture,B,plus_B12,Night,Culture,2740000,175,479500000,4.795e-7,1911265,1.4906398153361111,5.962559261344444e-4,2.1761165187388482e-10,1243.495153565056,NA,NA
OH-B12,241121_Smp_UCYNA_Z-24,Z-24,culture,C,plus_B12,Night,Culture,3120000,175,546000000,5.46e-7,1731486,1.3504260117236813,5.401704046894726e-4,1.7313153996457453e-10,989.3230855118544,NA,NA
OH-B12,241121_Smp_UCYNA_Z-25,Z-25,UCYN-A,A,plus_B12,Day,UCYN-A,8474000,15,127110000,1.2711e-7,4248,0.0033131135324237,1.32524541296948e-6,1.5638959322273779e-13,10.425972881515852,Flag,Flag
OH-B12,241121_Smp_UCYNA_Z-26,Z-26,UCYN-A,B,plus_B12,Day,UCYN-A,17385000,15,260775000,2.60775e-7,13671,0.01066232935540596,4.264931742162384e-6,2.453225045822481e-13,16.35483363881654,Flag,Flag
OH-B12,241121_Smp_UCYNA_Z-27,Z-27,UCYN-A,C,plus_B12,Day,UCYN-A,9063000,15,135945000,1.35945e-7,1470,0.001146487027463,4.585948109852e-7,5.0600773583272646e-14,3.3733849055515104,Flag,Flag
OH-B12,241121_Smp_UCYNA_Z-28,Z-28,UCYN-A,A,plus_B12,Night,UCYN-A,15513500,15,232702500,2.327025e-7,519,4.047801137777554e-4,1.6191204551110215e-7,1.043684826190751e-14,0.6957898841271672,Flag,Flag
OH-B12,241121_Smp_UCYNA_Z-29,Z-29,UCYN-A,B,plus_B12,Night,UCYN-A,14706000,15,220590000,2.2059e-7,1591,0.00124085772836302,4.96343091345208e-7,3.375106020299252e-14,2.2500706801995016,Flag,Flag
OH-B12,241121_Smp_UCYNA_Z-30,Z-30,UCYN-A,C,plus_B12,Night,UCYN-A,16444500,15,246667500,2.466675e-7,1005317,0.7840699993115833,3.136279997246333e-4,1.9071908524104306e-11,1271.4605682736205,NA,NA
OH-B12,241121_Smp_UCYNA_Z-31,Z-31,culture,A,minus_B12,Day,Culture,855000,175,149625000,1.49625e-7,1331448,1.0384271154704523,4.153708461881809e-4,4.858138551908549e-10,2776.0791725191707,NA,NA
OH-B12,241121_Smp_UCYNA_Z-32,Z-32,culture,B,minus_B12,Day,Culture,945000,175,165375000,1.65375e-7,1116224,0.8705689358795015,3.4822757435180055e-4,3.6849478767386304e-10,2105.6845009935028,NA,NA
OH-B12,241121_Smp_UCYNA_Z-33,Z-33,culture,C,minus_B12,Day,Culture,960000,175,168000000,1.68e-7,10685,0.00833347883567498,3.3333915342699923e-6,3.4722828481979085e-12,19.841616275416623,Flag,Flag
OH-B12,241121_Smp_UCYNA_Z-34,Z-34,culture,A,minus_B12,Night,Culture,690000,175,120750000,1.2075e-7,1499341,1.1693707525465389,4.6774830101861556e-4,6.778960884327762e-10,3873.6919339015785,NA,NA
OH-B12,241121_Smp_UCYNA_Z-35,Z-35,culture,B,minus_B12,Night,Culture,780000,175,136500000,1.365e-7,1339042,1.0443498518558634,4.177399407423454e-4,5.355640265927505e-10,3060.365866244288,NA,NA
OH-B12,241121_Smp_UCYNA_Z-36,Z-36,culture,C,minus_B12,Night,Culture,855000,175,149625000,1.49625e-7,1378531,1.07514823704463,4.30059294817852e-4,5.029933272723415e-10,2874.24758441338,NA,NA
OH-B12,241121_Smp_UCYNA_Z-37,Z-37,UCYN-A,A,minus_B12,Day,UCYN-A,8863500,15,132952500,1.329525e-7,49956,0.03896184077819181,1.5584736311276722e-5,1.7583049936567634e-12,117.22033291045089,NA,NA
OH-B12,241121_Smp_UCYNA_Z-38,Z-38,UCYN-A,B,minus_B12,Day,UCYN-A,12958000,15,194370000,1.9437e-7,28154,0.02195795630693434,8.783182522773736e-6,6.778193025755314e-13,45.18795350503542,Flag,NA
OH-B12,241121_Smp_UCYNA_Z-39,Z-39,UCYN-A,C,minus_B12,Day,UCYN-A,9395500,15,140932500,1.409325e-7,9195,0.00717139334525329,2.868557338101316e-6,3.0531183418671876e-13,20.354122279114584,Flag,Flag
OH-B12,241121_Smp_UCYNA_Z-40,Z-40,UCYN-A,A,minus_B12,Night,UCYN-A,12407000,15,186105000,1.86105e-7,24036,0.01874623278374206,7.498493113496823e-6,6.043760065686163e-13,40.29173377124109,Flag,NA
OH-B12,241121_Smp_UCYNA_Z-41,Z-41,UCYN-A,B,minus_B12,Night,UCYN-A,9690000,15,145350000,1.4535e-7,30188,0.02354431998983213,9.417727995932852e-6,9.719017539662387e-13,64.79345026441591,Flag,NA
OH-B12,241121_Smp_UCYNA_Z-42,Z-42,UCYN-A,C,minus_B12,Night,UCYN-A,8654500,15,129817500,1.298175e-7,13642,0.01063971158411587,4.255884633646348e-6,4.917539584778264e-13,32.78359723185509,Flag,Flag
CN-B12,241121_Smp_UCYNA_Z-2,Z-2,filter blank,B,NA,NA,NA,NA,NA,NA,NA,338,2.1592325294220017e-4,8.636930117688006e-8,NA,NA,Flag,Flag
CN-B12,241121_Smp_UCYNA_Z-4,Z-4,filter blank,A,plus_B12,Day,NA,NA,NA,NA,NA,11404,0.00728517389512677,2.914069558050708e-6,NA,NA,Flag,NA
CN-B12,241121_Smp_UCYNA_Z-7,Z-7,filter blank,A,plus_B12,Night,NA,NA,NA,NA,NA,10402,0.00664507005060581,2.658028020242324e-6,NA,NA,Flag,Flag
CN-B12,241121_Smp_UCYNA_Z-12,Z-12,filter blank,C,minus_B12,Day,NA,NA,NA,NA,NA,468,2.989706579199695e-4,1.195882631679878e-7,NA,NA,Flag,Flag
CN-B12,241121_Smp_UCYNA_Z-13,Z-13,filter blank,A,minus_B12,Night,NA,NA,NA,NA,NA,45,2.8747178646150913e-5,1.1498871458460366e-8,NA,NA,Flag,Flag
CN-B12,241121_Smp_UCYNA_Z-17,Z-17,filter blank,B,NA,NA,NA,NA,NA,NA,NA,19,1.2137697650597053e-5,4.855079060238821e-9,NA,NA,Flag,Flag
CN-B12,241121_Smp_UCYNA_Z-19,Z-19,culture,A,plus_B12,Day,Culture,3660000,175,640500000,6.405e-7,99270,0.06341627609340891,2.5366510437363564e-5,6.930740556656712e-12,39.60423175232406,NA,NA
CN-B12,241121_Smp_UCYNA_Z-20,Z-20,culture,B,plus_B12,Day,Culture,3620000,175,633500000,6.335e-7,96728,0.06179237991299746,2.4716951965198983e-5,6.827887283204139e-12,39.01649876116651,NA,NA
CN-B12,241121_Smp_UCYNA_Z-21,Z-21,culture,C,plus_B12,Day,Culture,4040000,175,707000000,7.07e-7,1119,7.148465090009527e-4,2.859386036003811e-7,7.077688207930225e-14,0.40443932616744144,Flag,Flag
CN-B12,241121_Smp_UCYNA_Z-22,Z-22,culture,A,plus_B12,Night,Culture,2840000,175,497000000,4.97e-7,161505,0.10317362416103562,4.1269449664414245e-5,1.453149636070924e-11,83.03712206119567,NA,NA
CN-B12,241121_Smp_UCYNA_Z-23,Z-23,culture,B,plus_B12,Night,Culture,2740000,175,479500000,4.795e-7,145138,0.09271795587433448,3.7087182349733795e-5,1.353546801085175e-11,77.34553149058142,NA,NA
CN-B12,241121_Smp_UCYNA_Z-24,Z-24,culture,C,plus_B12,Night,Culture,3120000,175,546000000,5.46e-7,142392,0.09096373915072711,3.6385495660290845e-5,1.166201783983681e-11,66.64010194192461,NA,NA
CN-B12,241121_Smp_UCYNA_Z-25,Z-25,UCYN-A,A,plus_B12,Day,UCYN-A,8474000,15,127110000,1.2711e-7,357,2.280609505927972e-4,9.122438023711888e-8,1.0765208902185376e-14,0.717680593479025,Flag,Flag
CN-B12,241121_Smp_UCYNA_Z-26,Z-26,UCYN-A,B,plus_B12,Day,UCYN-A,17385000,15,260775000,2.60775e-7,5,3.1941309606834346e-6,1.2776523842733737e-9,7.34916528198662e-17,0.004899443521324412,Flag,Flag
CN-B12,241121_Smp_UCYNA_Z-27,Z-27,UCYN-A,C,plus_B12,Day,UCYN-A,9063000,15,135945000,1.35945e-7,0,0,0,0,0,Flag,Flag
CN-B12,241121_Smp_UCYNA_Z-28,Z-28,UCYN-A,A,plus_B12,Night,UCYN-A,15513500,15,232702500,2.327025e-7,24,1.5331828611280487e-5,6.132731444512195e-9,3.9531578589694106e-16,0.026354385726462735,Flag,Flag
CN-B12,241121_Smp_UCYNA_Z-29,Z-29,UCYN-A,B,plus_B12,Night,UCYN-A,14706000,15,220590000,2.2059e-7,740,4.727313821811483e-4,1.8909255287245932e-7,1.2858190729801395e-14,0.857212715320093,Flag,Flag
CN-B12,241121_Smp_UCYNA_Z-30,Z-30,UCYN-A,C,plus_B12,Night,UCYN-A,16444500,15,246667500,2.466675e-7,893,5.704717895780615e-4,2.281887158312246e-7,1.3876293948203022e-14,0.9250862632135347,Flag,Flag
CN-B12,241121_Smp_UCYNA_Z-31,Z-31,culture,A,minus_B12,Day,Culture,855000,175,149625000,1.49625e-7,3156,0.00201613546238338,8.06454184953352e-7,9.432212689512888e-13,5.389835822578793,Flag,Flag
CN-B12,241121_Smp_UCYNA_Z-32,Z-32,culture,B,minus_B12,Day,Culture,945000,175,165375000,1.65375e-7,2364,0.00151018511821112,6.04074047284448e-7,6.392317960681989e-13,3.652753120389708,Flag,Flag
CN-B12,241121_Smp_UCYNA_Z-33,Z-33,culture,C,minus_B12,Day,Culture,960000,175,168000000,1.68e-7,2097,0.00133961852491063,5.358474099642521e-7,5.581743853794292e-13,3.1895679164538815,Flag,Flag
CN-B12,241121_Smp_UCYNA_Z-34,Z-34,culture,A,minus_B12,Night,Culture,690000,175,120750000,1.2075e-7,2955,0.0018877313977639,7.550925591055601e-7,1.0943370421819712e-12,6.253354526754121,Flag,Flag
CN-B12,241121_Smp_UCYNA_Z-35,Z-35,culture,B,minus_B12,Night,Culture,780000,175,136500000,1.365e-7,115,7.3465012095719e-5,2.93860048382876e-8,3.7674365177291795e-14,0.21528208672738167,Flag,Flag
CN-B12,241121_Smp_UCYNA_Z-36,Z-36,culture,C,minus_B12,Night,Culture,855000,175,149625000,1.49625e-7,1241,7.927833044416285e-4,3.1711332177665143e-7,3.7089277400777947e-13,2.119387280044454,Flag,Flag
CN-B12,241121_Smp_UCYNA_Z-37,Z-37,UCYN-A,A,minus_B12,Day,UCYN-A,8863500,15,132952500,1.329525e-7,19,1.2137697650597053e-5,4.855079060238821e-9,5.477609364516073e-16,0.036517395763440486,Flag,Flag
CN-B12,241121_Smp_UCYNA_Z-38,Z-38,UCYN-A,B,minus_B12,Day,UCYN-A,12958000,15,194370000,1.9437e-7,37,2.3636569109057415e-5,9.454627643622966e-9,7.296363361338914e-16,0.04864242240892609,Flag,Flag
CN-B12,241121_Smp_UCYNA_Z-39,Z-39,UCYN-A,C,minus_B12,Day,UCYN-A,9395500,15,140932500,1.409325e-7,82,5.238374775520833e-5,2.095349910208333e-8,2.2301632805154947e-15,0.14867755203436633,Flag,Flag
CN-B12,241121_Smp_UCYNA_Z-40,Z-40,UCYN-A,A,minus_B12,Night,UCYN-A,12407000,15,186105000,1.86105e-7,838,5.353363490105436e-4,2.1413453960421745e-7,1.7259171403580032e-14,1.1506114269053354,Flag,Flag
CN-B12,241121_Smp_UCYNA_Z-41,Z-41,UCYN-A,B,minus_B12,Night,UCYN-A,9690000,15,145350000,1.4535e-7,14,8.9435666899136165e-06,3.5774266759654466e-9,3.691874794597984e-16,0.02461249863065323,Flag,Flag
CN-B12,241121_Smp_UCYNA_Z-42,Z-42,UCYN-A,C,minus_B12,Night,UCYN-A,8654500,15,129817500,1.298175e-7,707,4.516501178406376e-4,1.8066004713625503e-7,2.0874694914351498e-14,1.3916463276234332,Flag,Flag
CN-Pseudocob,241121_Smp_UCYNA_Z-2,Z-2,filter blank,B,NA,NA,NA,NA,NA,NA,NA,390,-80.27464897392377,-0.03210985958956951,NA,NA,Flag,Flag
CN-Pseudocob,241121_Smp_UCYNA_Z-4,Z-4,filter blank,A,plus_B12,Day,NA,NA,NA,NA,NA,471,-96.94707606850795,-0.03877883042740318,NA,NA,Flag,Flag
CN-Pseudocob,241121_Smp_UCYNA_Z-7,Z-7,filter blank,A,plus_B12,Night,NA,NA,NA,NA,NA,626,-128.851103224811,-0.051540441289924396,NA,NA,Flag,Flag
CN-Pseudocob,241121_Smp_UCYNA_Z-12,Z-12,filter blank,C,minus_B12,Day,NA,NA,NA,NA,NA,584,-120.2061410276192,-0.04808245641104768,NA,NA,Flag,Flag
CN-Pseudocob,241121_Smp_UCYNA_Z-13,Z-13,filter blank,A,minus_B12,Night,NA,NA,NA,NA,NA,951,-195.74664403641412,-0.07829865761456564,NA,NA,Flag,Flag
CN-Pseudocob,241121_Smp_UCYNA_Z-17,Z-17,filter blank,B,NA,NA,NA,NA,NA,NA,NA,408,-83.97963277272027,-0.033591853109088105,NA,NA,Flag,Flag
CN-Pseudocob,241121_Smp_UCYNA_Z-19,Z-19,culture,A,plus_B12,Day,Culture,3660000,175,640500000,6.405e-7,10,-2.0583243326647125,-8.233297330658849e-4,-2.2495347897974998e-10,-1285.4484513128568,Flag,Flag
CN-Pseudocob,241121_Smp_UCYNA_Z-20,Z-20,culture,B,plus_B12,Day,Culture,3620000,175,633500000,6.335e-7,894,-184.01419534022529,-0.0736056781360901,-2.0333060258588425e-8,-116188.91576336244,Flag,Flag
CN-Pseudocob,241121_Smp_UCYNA_Z-21,Z-21,culture,C,plus_B12,Day,Culture,4040000,175,707000000,7.07e-7,5,-1.0291621663323562,-4.1166486653294247e-4,-1.018972441913224e-10,-582.2699668075566,Flag,Flag
CN-Pseudocob,241121_Smp_UCYNA_Z-22,Z-22,culture,A,plus_B12,Night,Culture,2840000,175,497000000,4.97e-7,1098,-226.00401172658545,-0.09040160469063419,-3.1831550947406403e-8,-181894.5768423223,Flag,Flag
CN-Pseudocob,241121_Smp_UCYNA_Z-23,Z-23,culture,B,plus_B12,Night,Culture,2740000,175,479500000,4.795e-7,54,-11.114951396389449,-0.004445980558555779,-1.6226206418086787e-9,-9272.117953192448,Flag,Flag
CN-Pseudocob,241121_Smp_UCYNA_Z-24,Z-24,culture,C,plus_B12,Night,Culture,3120000,175,546000000,5.46e-7,927,-190.80666563801884,-0.07632266625520755,-2.446239303051524e-8,-139785.10303151564,Flag,Flag
CN-Pseudocob,241121_Smp_UCYNA_Z-25,Z-25,UCYN-A,A,plus_B12,Day,UCYN-A,8474000,15,127110000,1.2711e-7,0,-0,-0,-0,-0,Flag,Flag
CN-Pseudocob,241121_Smp_UCYNA_Z-26,Z-26,UCYN-A,B,plus_B12,Day,UCYN-A,17385000,15,260775000,2.60775e-7,1,-0.2058324332664712,-8.233297330658847e-5,-4.735862715363156e-12,-315.7241810242104,Flag,Flag
CN-Pseudocob,241121_Smp_UCYNA_Z-27,Z-27,UCYN-A,C,plus_B12,Day,UCYN-A,9063000,15,135945000,1.35945e-7,402,-82.74463817312143,-0.03309785526924858,-3.6519756448470237e-9,-243465.04298980162,Flag,Flag
CN-Pseudocob,241121_Smp_UCYNA_Z-28,Z-28,UCYN-A,A,plus_B12,Night,UCYN-A,15513500,15,232702500,2.327025e-7,649,-133.58524918993982,-0.05343409967597593,-3.4443613417975264e-9,-229624.08945316842,Flag,Flag
CN-Pseudocob,241121_Smp_UCYNA_Z-29,Z-29,UCYN-A,B,plus_B12,Night,UCYN-A,14706000,15,220590000,2.2059e-7,0,-0,-0,-0,-0,Flag,Flag
CN-Pseudocob,241121_Smp_UCYNA_Z-30,Z-30,UCYN-A,C,plus_B12,Night,UCYN-A,16444500,15,246667500,2.466675e-7,1019,-209.74324949853417,-0.08389729979941367,-5.101845589675191e-9,-340123.0393116794,Flag,Flag
CN-Pseudocob,241121_Smp_UCYNA_Z-31,Z-31,culture,A,minus_B12,Day,Culture,855000,175,149625000,1.49625e-7,3007,-618.938126832279,-0.2475752507329116,-2.895616967636393e-7,-1654638.267220796,Flag,NA
CN-Pseudocob,241121_Smp_UCYNA_Z-32,Z-32,culture,B,minus_B12,Day,Culture,945000,175,165375000,1.65375e-7,0,-0,-0,-0,-0,Flag,Flag
CN-Pseudocob,241121_Smp_UCYNA_Z-33,Z-33,culture,C,minus_B12,Day,Culture,960000,175,168000000,1.68e-7,579,-119.17697886128684,-0.047670791544514736,-4.965707452553618e-8,-283754.7115744925,Flag,Flag
CN-Pseudocob,241121_Smp_UCYNA_Z-34,Z-34,culture,A,minus_B12,Night,Culture,690000,175,120750000,1.2075e-7,401,-82.53880573985496,-0.033015522295941985,-4.784858303759708e-8,-273420.47450055473,Flag,Flag
CN-Pseudocob,241121_Smp_UCYNA_Z-35,Z-35,culture,B,minus_B12,Night,Culture,780000,175,136500000,1.365e-7,14,-2.881654065730597,-0.001152661626292239,-1.4777713157592806e-9,-8444.40751862446,Flag,Flag
CN-Pseudocob,241121_Smp_UCYNA_Z-36,Z-36,culture,C,minus_B12,Night,Culture,855000,175,149625000,1.49625e-7,925,-190.39500077148588,-0.07615800030859435,-8.907368457145538e-8,-508992.4832654593,Flag,Flag
CN-Pseudocob,241121_Smp_UCYNA_Z-37,Z-37,UCYN-A,A,minus_B12,Day,UCYN-A,8863500,15,132952500,1.329525e-7,18,-3.704983798796482,-0.0014819935195185929,-1.6720184120478285e-10,-11146.78941365219,Flag,Flag
CN-Pseudocob,241121_Smp_UCYNA_Z-38,Z-38,UCYN-A,B,minus_B12,Day,UCYN-A,12958000,15,194370000,1.9437e-7,270,-55.57475698194723,-0.02222990279277889,-1.7155350202792785e-9,-114369.0013519519,Flag,Flag
CN-Pseudocob,241121_Smp_UCYNA_Z-39,Z-39,UCYN-A,C,minus_B12,Day,UCYN-A,9395500,15,140932500,1.409325e-7,548,-112.79617343002624,-0.0451184693720105,-4.8021360621585335e-9,-320142.40414390224,Flag,Flag
CN-Pseudocob,241121_Smp_UCYNA_Z-40,Z-40,UCYN-A,A,minus_B12,Night,UCYN-A,12407000,15,186105000,1.86105e-7,288,-59.279740780743715,-0.023711896312297486,-1.9111708158537506e-9,-127411.38772358338,Flag,Flag
CN-Pseudocob,241121_Smp_UCYNA_Z-41,Z-41,UCYN-A,B,minus_B12,Night,UCYN-A,9690000,15,145350000,1.4535e-7,378,-77.80465977472612,-0.031121863909890447,-3.211750661495402e-9,-214116.71076636016,Flag,Flag
CN-Pseudocob,241121_Smp_UCYNA_Z-42,Z-42,UCYN-A,C,minus_B12,Night,UCYN-A,8654500,15,129817500,1.298175e-7,469,-96.535411201975,-0.038614164480790004,-4.4617441193356066e-9,-297449.6079557071,Flag,Flag
OH-Pseudocob,241121_Smp_UCYNA_Z-2,Z-2,filter blank,B,NA,NA,NA,NA,NA,NA,NA,6,-3.32185100643287,-0.001328740402573148,NA,NA,Flag,Flag
OH-Pseudocob,241121_Smp_UCYNA_Z-4,Z-4,filter blank,A,plus_B12,Day,NA,NA,NA,NA,NA,239,-132.32039842290934,-0.05292815936916373,NA,NA,Flag,NA
OH-Pseudocob,241121_Smp_UCYNA_Z-7,Z-7,filter blank,A,plus_B12,Night,NA,NA,NA,NA,NA,55,-30.450300892301307,-0.012180120356920524,NA,NA,Flag,Flag
OH-Pseudocob,241121_Smp_UCYNA_Z-12,Z-12,filter blank,C,minus_B12,Day,NA,NA,NA,NA,NA,25,-13.841045860136958,-0.005536418344054783,NA,NA,Flag,Flag
OH-Pseudocob,241121_Smp_UCYNA_Z-13,Z-13,filter blank,A,minus_B12,Night,NA,NA,NA,NA,NA,7,-3.875492840838348,-0.0015501971363353394,NA,NA,Flag,Flag
OH-Pseudocob,241121_Smp_UCYNA_Z-17,Z-17,filter blank,B,NA,NA,NA,NA,NA,NA,NA,64,-35.43307740195061,-0.014173230960780245,NA,NA,Flag,Flag
OH-Pseudocob,241121_Smp_UCYNA_Z-19,Z-19,culture,A,plus_B12,Day,Culture,3660000,175,640500000,6.405e-7,169,-93.56547001452584,-0.03742618800581034,-1.0225734427817032e-8,-58432.768158954466,Flag,Flag
OH-Pseudocob,241121_Smp_UCYNA_Z-20,Z-20,culture,B,plus_B12,Day,Culture,3620000,175,633500000,6.335e-7,272,-150.5905789582901,-0.06023623158331605,-1.6639842978816588e-8,-95084.81702180908,Flag,NA
OH-Pseudocob,241121_Smp_UCYNA_Z-21,Z-21,culture,C,plus_B12,Day,Culture,4040000,175,707000000,7.07e-7,97,-53.7032579373314,-0.02148130317493256,-5.317154251220931e-9,-30383.738578405322,Flag,Flag
OH-Pseudocob,241121_Smp_UCYNA_Z-22,Z-22,culture,A,plus_B12,Night,Culture,2840000,175,497000000,4.97e-7,1664,-921.260012450716,-0.3685040049802864,-1.2975493133108676e-7,-741456.750463353,Flag,NA
OH-Pseudocob,241121_Smp_UCYNA_Z-23,Z-23,culture,B,plus_B12,Night,Culture,2740000,175,479500000,4.795e-7,1505,-833.2309607802449,-0.33329238431209796,-1.2163955631828393e-7,-695083.1789616224,Flag,NA
OH-Pseudocob,241121_Smp_UCYNA_Z-24,Z-24,culture,C,plus_B12,Night,Culture,3120000,175,546000000,5.46e-7,4852,-2686.270180535381,-1.0745080722141525,-3.4439361288915145e-7,-1967963.5022237222,Flag,NA
OH-Pseudocob,241121_Smp_UCYNA_Z-25,Z-25,UCYN-A,A,plus_B12,Day,UCYN-A,8474000,15,127110000,1.2711e-7,1097,-607.3450923428097,-0.2429380369371239,-2.8668637825952786e-8,-1911242.5217301857,Flag,NA
OH-Pseudocob,241121_Smp_UCYNA_Z-26,Z-26,UCYN-A,B,plus_B12,Day,UCYN-A,17385000,15,260775000,2.60775e-7,2266,-1254.552396762814,-0.5018209587051256,-2.886516874921631e-8,-1924344.5832810872,Flag,NA
OH-Pseudocob,241121_Smp_UCYNA_Z-27,Z-27,UCYN-A,C,plus_B12,Day,UCYN-A,9063000,15,135945000,1.35945e-7,816,-451.7717368748703,-0.18070869474994813,-1.9939169673391608e-8,-1329277.9782261073,Flag,NA
OH-Pseudocob,241121_Smp_UCYNA_Z-28,Z-28,UCYN-A,A,plus_B12,Night,UCYN-A,15513500,15,232702500,2.327025e-7,1065,-589.6285536418344,-0.23585142145673374,-1.5202979434475376e-8,-1013531.9622983583,Flag,NA
OH-Pseudocob,241121_Smp_UCYNA_Z-29,Z-29,UCYN-A,B,plus_B12,Night,UCYN-A,14706000,15,220590000,2.2059e-7,33,-18.270180535380785,-0.007308072214152314,-4.969449350028774e-10,-33129.66233352516,Flag,Flag
OH-Pseudocob,241121_Smp_UCYNA_Z-30,Z-30,UCYN-A,C,plus_B12,Night,UCYN-A,16444500,15,246667500,2.466675e-7,3718,-2058.4403403195683,-0.8233761361278273,-5.007000128479597e-8,-3338000.085653065,Flag,NA
OH-Pseudocob,241121_Smp_UCYNA_Z-31,Z-31,culture,A,minus_B12,Day,Culture,855000,175,149625000,1.49625e-7,5220,-2890.010375596597,-1.1560041502386387,-1.3520516377060102e-6,-7726009.358320058,Flag,NA
OH-Pseudocob,241121_Smp_UCYNA_Z-32,Z-32,culture,B,minus_B12,Day,Culture,945000,175,165375000,1.65375e-7,1121,-620.6324963685412,-0.24825299854741648,-2.6270158576446187e-7,-1501151.9186540677,Flag,NA
OH-Pseudocob,241121_Smp_UCYNA_Z-33,Z-33,culture,C,minus_B12,Day,Culture,960000,175,168000000,1.68e-7,64,-35.43307740195061,-0.014173230960780245,-1.4763782250812756e-8,-84364.47000464432,Flag,Flag
OH-Pseudocob,241121_Smp_UCYNA_Z-34,Z-34,culture,A,minus_B12,Night,Culture,690000,175,120750000,1.2075e-7,5024,-2781.496576053123,-1.1125986304212492,-1.6124617832192017e-6,-9214067.332681153,Flag,NA
OH-Pseudocob,241121_Smp_UCYNA_Z-35,Z-35,culture,B,minus_B12,Night,Culture,780000,175,136500000,1.365e-7,6456,-3574.311682921768,-1.4297246731687072,-1.8329803502162913e-6,-10474173.429807378,Flag,NA
OH-Pseudocob,241121_Smp_UCYNA_Z-36,Z-36,culture,C,minus_B12,Night,Culture,855000,175,149625000,1.49625e-7,4012,-2221.211039634779,-0.8884844158539116,-1.0391630594782592e-6,-5938074.625590052,Flag,NA
OH-Pseudocob,241121_Smp_UCYNA_Z-37,Z-37,UCYN-A,A,minus_B12,Day,UCYN-A,8863500,15,132952500,1.329525e-7,7829,-4334.46192156049,-1.7337847686241958,-1.9560949609343892e-7,-13040633.072895927,Flag,NA
OH-Pseudocob,241121_Smp_UCYNA_Z-38,Z-38,UCYN-A,B,minus_B12,Day,UCYN-A,12958000,15,194370000,1.9437e-7,19850,-10989.790412948743,-4.395916165179497,-3.3924341450682953e-7,-22616227.633788634,Flag,NA
OH-Pseudocob,241121_Smp_UCYNA_Z-39,Z-39,UCYN-A,C,minus_B12,Day,UCYN-A,9395500,15,140932500,1.409325e-7,9819,-5436.209172027392,-2.174483668810957,-2.3143884506529261e-7,-15429256.337686175,Flag,NA
OH-Pseudocob,241121_Smp_UCYNA_Z-40,Z-40,UCYN-A,A,minus_B12,Night,UCYN-A,12407000,15,186105000,1.86105e-7,27,-14.948329528947914,-0.005979331811579165,-4.819321198983771e-10,-32128.80799322514,Flag,Flag
OH-Pseudocob,241121_Smp_UCYNA_Z-41,Z-41,UCYN-A,B,minus_B12,Night,UCYN-A,9690000,15,145350000,1.4535e-7,42,-23.25295704503009,-0.009301182818012036,-9.598743878237395e-10,-63991.625854915976,Flag,Flag
OH-Pseudocob,241121_Smp_UCYNA_Z-42,Z-42,UCYN-A,C,minus_B12,Night,UCYN-A,8654500,15,129817500,1.298175e-7,3491,-1932.763643909525,-0.7731054575638099,-8.932988128300998e-8,-5955325.418867333,Flag,NA
Me-Pseudocob,241121_Smp_UCYNA_Z-2,Z-2,filter blank,B,NA,NA,NA,NA,NA,NA,NA,27,2.648090284159836,0.0010592361136639345,NA,NA,Flag,Flag
Me-Pseudocob,241121_Smp_UCYNA_Z-4,Z-4,filter blank,A,plus_B12,Day,NA,NA,NA,NA,NA,39,3.825019299341985,0.0015300077197367941,NA,NA,Flag,Flag
Me-Pseudocob,241121_Smp_UCYNA_Z-7,Z-7,filter blank,A,plus_B12,Night,NA,NA,NA,NA,NA,201,19.713561004301,0.0078854244017204,NA,NA,Flag,Flag
Me-Pseudocob,241121_Smp_UCYNA_Z-12,Z-12,filter blank,C,minus_B12,Day,NA,NA,NA,NA,NA,53,5.198103150387826,0.0020792412601551304,NA,NA,Flag,Flag
Me-Pseudocob,241121_Smp_UCYNA_Z-13,Z-13,filter blank,A,minus_B12,Night,NA,NA,NA,NA,NA,276,27.06936734918943,0.010827746939675772,NA,NA,Flag,Flag
Me-Pseudocob,241121_Smp_UCYNA_Z-17,Z-17,filter blank,B,NA,NA,NA,NA,NA,NA,NA,26,2.55001286622799,0.001020005146491196,NA,NA,Flag,Flag
Me-Pseudocob,241121_Smp_UCYNA_Z-19,Z-19,culture,A,plus_B12,Day,Culture,3660000,175,640500000,6.405e-7,5,0.4903870896592288,1.9615483586369153e-4,5.359421744909604e-11,306.25267113769166,Flag,Flag
Me-Pseudocob,241121_Smp_UCYNA_Z-20,Z-20,culture,B,plus_B12,Day,Culture,3620000,175,633500000,6.335e-7,15,1.4711612689776865,5.884645075910746e-4,1.6255925624062833e-10,928.9100356607333,Flag,Flag
Me-Pseudocob,241121_Smp_UCYNA_Z-21,Z-21,culture,C,plus_B12,Day,Culture,4040000,175,707000000,7.07e-7,0,0,0,0,0,Flag,Flag
Me-Pseudocob,241121_Smp_UCYNA_Z-22,Z-22,culture,A,plus_B12,Night,Culture,2840000,175,497000000,4.97e-7,8,0.7846193434547661,3.138477373819064e-4,1.1050976668376986e-10,631.4843810501136,Flag,Flag
Me-Pseudocob,241121_Smp_UCYNA_Z-23,Z-23,culture,B,plus_B12,Night,Culture,2740000,175,479500000,4.795e-7,15,1.4711612689776865,5.884645075910746e-4,2.1476806846389583e-10,1227.2461055079762,Flag,Flag
Me-Pseudocob,241121_Smp_UCYNA_Z-24,Z-24,culture,C,plus_B12,Night,Culture,3120000,175,546000000,5.46e-7,56,5.492335404183363,0.002196934161673345,7.041455646388926e-10,4023.688940793672,Flag,Flag
Me-Pseudocob,241121_Smp_UCYNA_Z-25,Z-25,UCYN-A,A,plus_B12,Day,UCYN-A,8474000,15,127110000,1.2711e-7,34,3.334632209682756,0.0013338528838731025,1.574053438604086e-10,10493.689590693906,Flag,Flag
Me-Pseudocob,241121_Smp_UCYNA_Z-26,Z-26,UCYN-A,B,plus_B12,Day,UCYN-A,17385000,15,260775000,2.60775e-7,1,0.09807741793184575,3.92309671727383e-5,2.2565986294356227e-12,150.43990862904153,Flag,Flag
Me-Pseudocob,241121_Smp_UCYNA_Z-27,Z-27,UCYN-A,C,plus_B12,Day,UCYN-A,9063000,15,135945000,1.35945e-7,33,3.2365547917509105,0.0012946219167003642,1.4284695097653804e-10,9523.130065102536,Flag,Flag
Me-Pseudocob,241121_Smp_UCYNA_Z-28,Z-28,UCYN-A,A,plus_B12,Night,UCYN-A,15513500,15,232702500,2.327025e-7,0,0,0,0,0,Flag,Flag
Me-Pseudocob,241121_Smp_UCYNA_Z-29,Z-29,UCYN-A,B,plus_B12,Night,UCYN-A,14706000,15,220590000,2.2059e-7,0,0,0,0,0,Flag,Flag
Me-Pseudocob,241121_Smp_UCYNA_Z-30,Z-30,UCYN-A,C,plus_B12,Night,UCYN-A,16444500,15,246667500,2.466675e-7,2752,269.90905414843957,0.10796362165937583,6.56533319099856e-9,437688.879399904,Flag,NA
Me-Pseudocob,241121_Smp_UCYNA_Z-31,Z-31,culture,A,minus_B12,Day,Culture,855000,175,149625000,1.49625e-7,39,3.825019299341985,0.0015300077197367941,1.7894827131424492e-9,10225.615503671139,Flag,Flag
Me-Pseudocob,241121_Smp_UCYNA_Z-32,Z-32,culture,B,minus_B12,Day,Culture,945000,175,165375000,1.65375e-7,6,0.5884645075910746,2.3538580303642984e-4,2.490855058586559e-10,1423.345747763748,Flag,Flag
Me-Pseudocob,241121_Smp_UCYNA_Z-33,Z-33,culture,C,minus_B12,Day,Culture,960000,175,168000000,1.68e-7,14,1.3730838510458407,5.492335404183363e-4,5.721182712691002e-10,3269.247264394859,Flag,Flag
Me-Pseudocob,241121_Smp_UCYNA_Z-34,Z-34,culture,A,minus_B12,Night,Culture,690000,175,120750000,1.2075e-7,358,35.11171561960079,0.014044686247840315,2.035461775049321e-8,116312.10143138978,Flag,NA
Me-Pseudocob,241121_Smp_UCYNA_Z-35,Z-35,culture,B,minus_B12,Night,Culture,780000,175,136500000,1.365e-7,46,4.511561224864906,0.0018046244899459624,2.313621140956362e-9,13220.692234036353,Flag,Flag
Me-Pseudocob,241121_Smp_UCYNA_Z-36,Z-36,culture,C,minus_B12,Night,Culture,855000,175,149625000,1.49625e-7,442,43.350218725875834,0.017340087490350334,2.0280804082281093e-8,115890.30904160625,Flag,NA
Me-Pseudocob,241121_Smp_UCYNA_Z-37,Z-37,UCYN-A,A,minus_B12,Day,UCYN-A,8863500,15,132952500,1.329525e-7,6,0.5884645075910746,2.3538580303642984e-4,2.6556755574708618e-11,1770.4503716472414,Flag,Flag
Me-Pseudocob,241121_Smp_UCYNA_Z-38,Z-38,UCYN-A,B,minus_B12,Day,UCYN-A,12958000,15,194370000,1.9437e-7,611,59.92530235635777,0.023970120942543107,1.8498318368994526e-9,123322.1224599635,Flag,NA
Me-Pseudocob,241121_Smp_UCYNA_Z-39,Z-39,UCYN-A,C,minus_B12,Day,UCYN-A,9395500,15,140932500,1.409325e-7,51,5.001948314524134,0.002000779325809654,2.1295080898405128e-10,14196.720598936752,Flag,Flag
Me-Pseudocob,241121_Smp_UCYNA_Z-40,Z-40,UCYN-A,A,minus_B12,Night,UCYN-A,12407000,15,186105000,1.86105e-7,13,1.275006433113995,5.10002573245598e-4,4.1106034758249215e-11,2740.402317216614,Flag,Flag
Me-Pseudocob,241121_Smp_UCYNA_Z-41,Z-41,UCYN-A,B,minus_B12,Night,UCYN-A,9690000,15,145350000,1.4535e-7,48,4.707716060728597,0.0018830864242914387,1.9433296432316188e-10,12955.53095487746,Flag,Flag
Me-Pseudocob,241121_Smp_UCYNA_Z-42,Z-42,UCYN-A,C,minus_B12,Night,UCYN-A,8654500,15,129817500,1.298175e-7,36,3.5307870455464476,0.001412314818218579,1.63188493641294e-10,10879.232909419601,Flag,Flag
Ado-Pseudocob,241121_Smp_UCYNA_Z-2,Z-2,filter blank,B,NA,NA,NA,NA,NA,NA,NA,708,-217.77080931519455,-0.08710832372607782,NA,NA,Flag,Flag
Ado-Pseudocob,241121_Smp_UCYNA_Z-4,Z-4,filter blank,A,plus_B12,Day,NA,NA,NA,NA,NA,194,-59.671662439474225,-0.02386866497578969,NA,NA,Flag,Flag
Ado-Pseudocob,241121_Smp_UCYNA_Z-7,Z-7,filter blank,A,plus_B12,Night,NA,NA,NA,NA,NA,629,-193.4715240949963,-0.07738860963799853,NA,NA,Flag,Flag
Ado-Pseudocob,241121_Smp_UCYNA_Z-12,Z-12,filter blank,C,minus_B12,Day,NA,NA,NA,NA,NA,612,-188.24256398432075,-0.0752970255937283,NA,NA,Flag,Flag
Ado-Pseudocob,241121_Smp_UCYNA_Z-13,Z-13,filter blank,A,minus_B12,Night,NA,NA,NA,NA,NA,529,-162.71293520866942,-0.06508517408346777,NA,NA,Flag,Flag
Ado-Pseudocob,241121_Smp_UCYNA_Z-17,Z-17,filter blank,B,NA,NA,NA,NA,NA,NA,NA,538,-165.48120820843883,-0.06619248328337554,NA,NA,Flag,Flag
Ado-Pseudocob,241121_Smp_UCYNA_Z-19,Z-19,culture,A,plus_B12,Day,Culture,3660000,175,640500000,6.405e-7,74,-22.76135577588192,-0.009104542310352768,-2.487579866216603e-9,-14214.742092666304,Flag,Flag
Ado-Pseudocob,241121_Smp_UCYNA_Z-20,Z-20,culture,B,plus_B12,Day,Culture,3620000,175,633500000,6.335e-7,932,-286.6700484205669,-0.11466801936822675,-3.167624844426153e-8,-181007.13396720876,Flag,Flag
Ado-Pseudocob,241121_Smp_UCYNA_Z-21,Z-21,culture,C,plus_B12,Day,Culture,4040000,175,707000000,7.07e-7,208,-63.977864883559995,-0.025591145953424,-6.334442067679207e-9,-36196.81181530976,Flag,Flag
Ado-Pseudocob,241121_Smp_UCYNA_Z-22,Z-22,culture,A,plus_B12,Night,Culture,2840000,175,497000000,4.97e-7,1002,-308.20106064099576,-0.1232804242563983,-4.340860009028109e-8,-248049.14337303484,Flag,Flag
Ado-Pseudocob,241121_Smp_UCYNA_Z-23,Z-23,culture,B,plus_B12,Night,Culture,2740000,175,479500000,4.795e-7,826,-254.06594420106035,-0.10162637768042414,-3.708991886146866e-8,-211942.39349410663,Flag,Flag
Ado-Pseudocob,241121_Smp_UCYNA_Z-24,Z-24,culture,C,plus_B12,Night,Culture,3120000,175,546000000,5.46e-7,792,-243.6080239797092,-0.09744320959188368,-3.123179794611657e-8,-178467.4168349518,Flag,Flag
Ado-Pseudocob,241121_Smp_UCYNA_Z-25,Z-25,UCYN-A,A,plus_B12,Day,UCYN-A,8474000,15,127110000,1.2711e-7,435,-133.7998616555221,-0.05351994466220884,-6.315782943380794e-9,-421052.19622538623,Flag,Flag
Ado-Pseudocob,241121_Smp_UCYNA_Z-26,Z-26,UCYN-A,B,plus_B12,Day,UCYN-A,17385000,15,260775000,2.60775e-7,346,-106.42471754669114,-0.04256988701867646,-2.448656141425163e-9,-163243.7427616775,Flag,Flag
Ado-Pseudocob,241121_Smp_UCYNA_Z-27,Z-27,UCYN-A,C,plus_B12,Day,UCYN-A,9063000,15,135945000,1.35945e-7,343,-105.50195988010134,-0.042200783952040535,-4.656381325393417e-9,-310425.4216928945,Flag,Flag
Ado-Pseudocob,241121_Smp_UCYNA_Z-28,Z-28,UCYN-A,A,plus_B12,Night,UCYN-A,15513500,15,232702500,2.327025e-7,349,-107.34747521328094,-0.04293899008531238,-2.767846719651425e-9,-184523.11464342833,Flag,Flag
Ado-Pseudocob,241121_Smp_UCYNA_Z-29,Z-29,UCYN-A,B,plus_B12,Night,UCYN-A,14706000,15,220590000,2.2059e-7,194,-59.671662439474225,-0.02386866497578969,-1.6230562339038278e-9,-108203.74892692185,Flag,Flag
Ado-Pseudocob,241121_Smp_UCYNA_Z-30,Z-30,UCYN-A,C,plus_B12,Night,UCYN-A,16444500,15,246667500,2.466675e-7,511,-157.17638920913055,-0.06287055568365221,-3.8231965510445566e-9,-254879.7700696371,Flag,Flag
Ado-Pseudocob,241121_Smp_UCYNA_Z-31,Z-31,culture,A,minus_B12,Day,Culture,855000,175,149625000,1.49625e-7,883,-271.5983398662667,-0.1086393359465067,-1.270635508146277e-7,-726077.4332264442,Flag,Flag
Ado-Pseudocob,241121_Smp_UCYNA_Z-32,Z-32,culture,B,minus_B12,Day,Culture,945000,175,165375000,1.65375e-7,802,-246.6838828683419,-0.09867355314733676,-1.0441645835697012e-7,-596665.4763255435,Flag,Flag
Ado-Pseudocob,241121_Smp_UCYNA_Z-33,Z-33,culture,C,minus_B12,Day,Culture,960000,175,168000000,1.68e-7,422,-129.8012451002996,-0.05192049804011984,-5.4083852125124834e-8,-309050.58357214194,Flag,Flag
Ado-Pseudocob,241121_Smp_UCYNA_Z-34,Z-34,culture,A,minus_B12,Night,Culture,690000,175,120750000,1.2075e-7,896,-275.5969564214892,-0.11023878256859568,-1.597663515486894e-7,-912950.5802782251,Flag,Flag
Ado-Pseudocob,241121_Smp_UCYNA_Z-35,Z-35,culture,B,minus_B12,Night,Culture,780000,175,136500000,1.365e-7,739,-227.30597186995593,-0.09092238874798238,-1.1656716506151586e-7,-666098.0860658049,Flag,Flag
Ado-Pseudocob,241121_Smp_UCYNA_Z-36,Z-36,culture,C,minus_B12,Night,Culture,855000,175,149625000,1.49625e-7,734,-225.7680424256396,-0.09030721697025584,-1.0562247598860333e-7,-603557.0056491619,Flag,Flag
Ado-Pseudocob,241121_Smp_UCYNA_Z-37,Z-37,UCYN-A,A,minus_B12,Day,UCYN-A,8863500,15,132952500,1.329525e-7,236,-72.59026977173153,-0.029036107908692613,-3.275918983324038e-9,-218394.59888826922,Flag,Flag
Ado-Pseudocob,241121_Smp_UCYNA_Z-38,Z-38,UCYN-A,B,minus_B12,Day,UCYN-A,12958000,15,194370000,1.9437e-7,403,-123.9571132118975,-0.049582845284758995,-3.8264273255717695e-9,-255095.15503811798,Flag,Flag
Ado-Pseudocob,241121_Smp_UCYNA_Z-39,Z-39,UCYN-A,C,minus_B12,Day,UCYN-A,9395500,15,140932500,1.409325e-7,214,-65.82338021673961,-0.026329352086695842,-2.802336446883704e-9,-186822.42979224696,Flag,Flag
Ado-Pseudocob,241121_Smp_UCYNA_Z-40,Z-40,UCYN-A,A,minus_B12,Night,UCYN-A,12407000,15,186105000,1.86105e-7,301,-92.58335254784404,-0.03703334101913762,-2.9848747496685435e-9,-198991.64997790288,Flag,Flag
Ado-Pseudocob,241121_Smp_UCYNA_Z-41,Z-41,UCYN-A,B,minus_B12,Night,UCYN-A,9690000,15,145350000,1.4535e-7,289,-88.8923218814848,-0.03555692875259392,-3.669445691702159e-9,-244629.71278014395,Flag,Flag
Ado-Pseudocob,241121_Smp_UCYNA_Z-42,Z-42,UCYN-A,C,minus_B12,Night,UCYN-A,8654500,15,129817500,1.298175e-7,428,-131.64676043347922,-0.052658704173391684,-6.084546094331467e-9,-405636.4062887645,Flag,Flag
DMB,241121_Smp_UCYNA_Z-2,Z-2,filter blank,B,NA,NA,NA,NA,NA,NA,NA,23802,0.01437111535505071,5.748446142020284e-6,NA,NA,Flag,Flag
DMB,241121_Smp_UCYNA_Z-4,Z-4,filter blank,A,plus_B12,Day,NA,NA,NA,NA,NA,40594,0.02450974946319338,9.803899785277352e-6,NA,NA,NA,Flag
DMB,241121_Smp_UCYNA_Z-7,Z-7,filter blank,A,plus_B12,Night,NA,NA,NA,NA,NA,37195,0.02245750926943582,8.983003707774329e-6,NA,NA,Flag,Flag
DMB,241121_Smp_UCYNA_Z-12,Z-12,filter blank,C,minus_B12,Day,NA,NA,NA,NA,NA,43699,0.02638447903118903,1.0553791612475612e-5,NA,NA,NA,Flag
DMB,241121_Smp_UCYNA_Z-13,Z-13,filter blank,A,minus_B12,Night,NA,NA,NA,NA,NA,16850,0.01017365321118412,4.069461284473648e-6,NA,NA,Flag,Flag
DMB,241121_Smp_UCYNA_Z-17,Z-17,filter blank,B,NA,NA,NA,NA,NA,NA,NA,16926,0.01021954031172121,4.087816124688484e-6,NA,NA,Flag,Flag
DMB,241121_Smp_UCYNA_Z-19,Z-19,culture,A,plus_B12,Day,Culture,3660000,175,640500000,6.405e-7,40820,0.02464620320952736,9.858481283810944e-6,2.6935741212598206e-12,15.391852121484689,NA,Flag
DMB,241121_Smp_UCYNA_Z-20,Z-20,culture,B,plus_B12,Day,Culture,3620000,175,633500000,6.335e-7,34569,0.02087198919035157,8.348795676140627e-6,2.3062971481051452e-12,13.178840846315119,Flag,Flag
DMB,241121_Smp_UCYNA_Z-21,Z-21,culture,C,plus_B12,Day,Culture,4040000,175,707000000,7.07e-7,25976,0.01568372794146699,6.273491176586796e-6,1.5528443506402961e-12,8.87339628937312,Flag,Flag
DMB,241121_Smp_UCYNA_Z-22,Z-22,culture,A,plus_B12,Night,Culture,2840000,175,497000000,4.97e-7,51205,0.03091643398686547,1.2366573594746189e-5,4.354427322093728e-12,24.88244184053559,NA,Flag
DMB,241121_Smp_UCYNA_Z-23,Z-23,culture,B,plus_B12,Night,Culture,2740000,175,479500000,4.795e-7,33984,0.0205187792717437,8.207511708697482e-6,2.9954422294516357e-12,17.11681273972363,Flag,Flag
DMB,241121_Smp_UCYNA_Z-24,Z-24,culture,C,plus_B12,Night,Culture,3120000,175,546000000,5.46e-7,237961,0.14367553066982705,5.7470212267930816e-5,1.8419939829465004e-11,105.25679902551431,NA,NA
DMB,241121_Smp_UCYNA_Z-25,Z-25,UCYN-A,A,plus_B12,Day,UCYN-A,8474000,15,127110000,1.2711e-7,58589,0.03537472807062711,1.4149891228250844e-5,1.6698007113819735e-12,111.3200474254649,NA,Flag
DMB,241121_Smp_UCYNA_Z-26,Z-26,UCYN-A,B,plus_B12,Day,UCYN-A,17385000,15,260775000,2.60775e-7,18734,0.01131117028239308,4.524468112957232e-6,2.602512575759121e-13,17.35008383839414,Flag,Flag
DMB,241121_Smp_UCYNA_Z-27,Z-27,UCYN-A,C,plus_B12,Day,UCYN-A,9063000,15,135945000,1.35945e-7,34308,0.02071440322666498,8.285761290665991e-6,9.142404601860301e-13,60.949364012402015,Flag,Flag
DMB,241121_Smp_UCYNA_Z-28,Z-28,UCYN-A,A,plus_B12,Night,UCYN-A,15513500,15,232702500,2.327025e-7,57481,0.03470574244700741,1.3882296978802963e-5,8.948526753345772e-13,59.65684502230514,NA,Flag
DMB,241121_Smp_UCYNA_Z-29,Z-29,UCYN-A,B,plus_B12,Night,UCYN-A,14706000,15,220590000,2.2059e-7,55716,0.03364007491479732,1.3456029965918928e-5,9.15002717660746e-13,61.000181177383055,NA,Flag
DMB,241121_Smp_UCYNA_Z-30,Z-30,UCYN-A,C,plus_B12,Night,UCYN-A,16444500,15,246667500,2.466675e-7,43364,0.02618221352224263,1.0472885408897053e-5,6.36862501681234e-13,42.457500112082265,NA,Flag
DMB,241121_Smp_UCYNA_Z-31,Z-31,culture,A,minus_B12,Day,Culture,855000,175,149625000,1.49625e-7,27545,0.01663105505650248,6.6524220226009916e-6,7.780610552749698e-12,44.460631729998276,Flag,Flag
DMB,241121_Smp_UCYNA_Z-32,Z-32,culture,B,minus_B12,Day,Culture,945000,175,165375000,1.65375e-7,38702,0.02336740217087525,9.346960868350101e-6,9.89096388185196e-12,56.51979361058262,Flag,Flag
DMB,241121_Smp_UCYNA_Z-33,Z-33,culture,C,minus_B12,Day,Culture,960000,175,168000000,1.68e-7,22783,0.0137558659412705,5.5023463765082e-6,5.731610808862708e-12,32.75206176492976,Flag,Flag
DMB,241121_Smp_UCYNA_Z-34,Z-34,culture,A,minus_B12,Night,Culture,690000,175,120750000,1.2075e-7,24205,0.01461443774342503,5.8457750973700126e-6,8.47213782227538e-12,48.41221612728789,Flag,Flag
DMB,241121_Smp_UCYNA_Z-35,Z-35,culture,B,minus_B12,Night,Culture,780000,175,136500000,1.365e-7,17603,0.01062829777308452,4.251319109233808e-6,5.450409114402319e-12,31.145194939441815,Flag,Flag
DMB,241121_Smp_UCYNA_Z-36,Z-36,culture,C,minus_B12,Night,Culture,855000,175,149625000,1.49625e-7,39954,0.02412333177445997,9.649332709783987e-6,1.1285769251209342e-11,64.49011000691053,Flag,Flag
DMB,241121_Smp_UCYNA_Z-37,Z-37,UCYN-A,A,minus_B12,Day,UCYN-A,8863500,15,132952500,1.329525e-7,27819,0.01679649012949146,6.718596051796583e-6,7.580071136454655e-13,50.53380757636437,Flag,Flag
DMB,241121_Smp_UCYNA_Z-38,Z-38,UCYN-A,B,minus_B12,Day,UCYN-A,12958000,15,194370000,1.9437e-7,58241,0.03516461345237832,1.4065845380951328e-5,1.085495090365128e-12,72.36633935767519,NA,Flag
DMB,241121_Smp_UCYNA_Z-39,Z-39,UCYN-A,C,minus_B12,Day,UCYN-A,9395500,15,140932500,1.409325e-7,22187,0.01339601446863752,5.3584057874550085e-6,5.703161925874097e-13,38.021079505827316,Flag,Flag
DMB,241121_Smp_UCYNA_Z-40,Z-40,UCYN-A,A,minus_B12,Night,UCYN-A,12407000,15,186105000,1.86105e-7,21911,0.01322937184037124,5.291748736148496e-6,4.2651315677831034e-13,28.434210451887353,Flag,Flag
DMB,241121_Smp_UCYNA_Z-41,Z-41,UCYN-A,B,minus_B12,Night,UCYN-A,9690000,15,145350000,1.4535e-7,27190,0.01641671399478317,6.566685597913267e-6,6.776765322923908e-13,45.178435486159394,Flag,Flag
DMB,241121_Smp_UCYNA_Z-42,Z-42,UCYN-A,C,minus_B12,Night,UCYN-A,8654500,15,129817500,1.298175e-7,22349,0.01349382644609816,5.397530578439264e-6,6.236675230734605e-13,41.577834871564036,Flag,Flag
