Compound,SampID,Area,blk.threshold,min.area.flag,blk.ratio.flag,slope,nM_in_vial
Me-B12,241121_Std_0nM_UCYNA_B12_1,592,2128,Flag,Flag,1375386.705772114,4.3042440174500835e-4
Me-B12,241121_Std_0nM_UCYNA_B12_2,815,2128,Flag,Flag,1375386.705772114,5.925606206455774e-4
Me-B12,241121_Std_1nM_UCYNA_B12_1,991664,2128,NA,NA,1375386.705772114,0.7210074052906452
Me-B12,241121_Std_1nM_UCYNA_B12_2,1058056,2128,NA,NA,1375386.705772114,0.7692789202917509
Me-B12,241121_Std_5nM_UCYNA_B12_1,6236200,2128,NA,NA,1375386.705772114,4.5341429968956435
Me-B12,241121_Std_5nM_UCYNA_B12_2,6604129,2128,NA,NA,1375386.705772114,4.801652489648412
Me-B12,241121_Std_10nM_UCYNA_B12_1,8480804,2128,NA,NA,1375386.705772114,6.166123290568706
Me-B12,241121_Std_10nM_UCYNA_B12_2,11652807,2128,NA,NA,1375386.705772114,8.472385948690956
Me-B12,241121_Std_20nM_UCYNA_B12_1,26770146,2128,NA,NA,1375386.705772114,19.463723102494136
Me-B12,241121_Std_20nM_UCYNA_B12_2,29362616,2128,NA,NA,1375386.705772114,21.34862571869664
Me-B12,241121_Std_50nM_RP-Mix234_InH2O,11381,2128,Flag,NA,1375386.705772114,0.008274763709898547
Me-B12,241121_Poo_UCYNA-culture_Full1,239068,2128,NA,NA,1375386.705772114,0.1738187514803643
Me-B12,241121_Poo_UCYNA-culture_Full2,229907,2128,NA,NA,1375386.705772114,0.1671580792770095
Me-B12,241121_Poo_UCYNA-culture_Full3,214236,2128,NA,NA,1375386.705772114,0.15576419279095205
Me-B12,241121_Smp_UCYNA_Z-2,542,2128,Flag,Flag,1375386.705772114,3.9407098943546374e-4
Me-B12,241121_Smp_UCYNA_Z-4,1460,2128,Flag,Flag,1375386.705772114,0.001061519639438703
Me-B12,241121_Smp_UCYNA_Z-7,22,2128,Flag,Flag,1375386.705772114,1.5995501416199636e-5
Me-B12,241121_Smp_UCYNA_Z-12,617,2128,Flag,Flag,1375386.705772114,4.4860110789978066e-4
Me-B12,241121_Smp_UCYNA_Z-13,1142,2128,Flag,Flag,1375386.705772114,8.303119371499992e-4
Me-B12,241121_Smp_UCYNA_Z-17,473,2128,Flag,Flag,1375386.705772114,3.4390328044829214e-4
Me-B12,241121_Smp_UCYNA_Z-19,401937,2128,NA,NA,1375386.705772114,0.2922356296692288
Me-B12,241121_Smp_UCYNA_Z-20,317765,2128,NA,NA,1375386.705772114,0.23103684125084895
Me-B12,241121_Smp_UCYNA_Z-21,1127,2128,Flag,Flag,1375386.705772114,8.194059134571358e-4
Me-B12,241121_Smp_UCYNA_Z-22,880648,2128,NA,NA,1375386.705772114,0.6402911968715171
Me-B12,241121_Smp_UCYNA_Z-23,918377,2128,NA,NA,1375386.705772114,0.6677227547320533
Me-B12,241121_Smp_UCYNA_Z-24,829908,2128,NA,NA,1375386.705772114,0.6033997540597912
Me-B12,241121_Smp_UCYNA_Z-25,1130,2128,Flag,Flag,1375386.705772114,8.215871181957086e-4
Me-B12,241121_Smp_UCYNA_Z-26,367,2128,Flag,Flag,1375386.705772114,2.6683404635205753e-4
Me-B12,241121_Smp_UCYNA_Z-27,119,2128,Flag,Flag,1375386.705772114,8.652112129671621e-5
Me-B12,241121_Smp_UCYNA_Z-28,829,2128,Flag,Flag,1375386.705772114,6.027395760922499e-4
Me-B12,241121_Smp_UCYNA_Z-29,774,2128,Flag,Flag,1375386.705772114,5.627508225517508e-4
Me-B12,241121_Smp_UCYNA_Z-30,202376,2128,NA,NA,1375386.705772114,0.14714116339112807
Me-B12,241121_Smp_UCYNA_Z-31,239903,2128,NA,NA,1375386.705772114,0.17442585346593367
Me-B12,241121_Smp_UCYNA_Z-32,254512,2128,NA,NA,1375386.705772114,0.18504759347453642
Me-B12,241121_Smp_UCYNA_Z-33,1774,2128,Flag,Flag,1375386.705772114,0.0012898190687426433
Me-B12,241121_Smp_UCYNA_Z-34,495975,2128,NA,NA,1375386.705772114,0.36060767340452793
Me-B12,241121_Smp_UCYNA_Z-35,124159,2128,NA,NA,1375386.705772114,0.09027206637881502
Me-B12,241121_Smp_UCYNA_Z-36,307939,2128,NA,NA,1375386.705772114,0.22389266866377724
Me-B12,241121_Smp_UCYNA_Z-37,557,2128,Flag,Flag,1375386.705772114,4.0497701312832714e-4
Me-B12,241121_Smp_UCYNA_Z-38,355,2128,Flag,Flag,1375386.705772114,2.581092273977668e-4
Me-B12,241121_Smp_UCYNA_Z-39,725,2128,Flag,Flag,1375386.705772114,5.27124478488397e-4
Me-B12,241121_Smp_UCYNA_Z-40,296,2128,Flag,Flag,1375386.705772114,2.1521220087250418e-4
Me-B12,241121_Smp_UCYNA_Z-41,1376,2128,Flag,Flag,1375386.705772114,0.0010004459067586681
Me-B12,241121_Smp_UCYNA_Z-42,569,2128,Flag,Flag,1375386.705772114,4.1370183208261786e-4
Ado-B12,241121_Std_0nM_UCYNA_B12_1,402,904,Flag,Flag,770732.7949775113,5.215815424225327e-4
Ado-B12,241121_Std_0nM_UCYNA_B12_2,220,904,Flag,Flag,770732.7949775113,2.8544263515660993e-4
Ado-B12,241121_Std_1nM_UCYNA_B12_1,611872,904,NA,NA,770732.7949775113,0.793883436629751
Ado-B12,241121_Std_1nM_UCYNA_B12_2,631351,904,NA,NA,770732.7949775113,0.819156787039822
Ado-B12,241121_Std_5nM_UCYNA_B12_1,3273849,904,NA,NA,770732.7949775113,4.247709480294692
Ado-B12,241121_Std_5nM_UCYNA_B12_2,3336351,904,NA,NA,770732.7949775113,4.328803732942685
Ado-B12,241121_Std_10nM_UCYNA_B12_1,4879801,904,NA,NA,770732.7949775113,6.33137843854482
Ado-B12,241121_Std_10nM_UCYNA_B12_2,6776110,904,NA,NA,770732.7949775113,8.791775884141165
Ado-B12,241121_Std_20nM_UCYNA_B12_1,14918395,904,NA,NA,770732.7949775113,19.356118095941792
Ado-B12,241121_Std_20nM_UCYNA_B12_2,16400462,904,NA,NA,770732.7949775113,21.27905041393566
Ado-B12,241121_Std_50nM_RP-Mix234_InH2O,8385,904,Flag,NA,770732.7949775113,0.010879256799037156
Ado-B12,241121_Poo_UCYNA-culture_Full1,436315,904,NA,NA,770732.7949775113,0.5661041061743467
Ado-B12,241121_Poo_UCYNA-culture_Full2,453951,904,NA,NA,770732.7949775113,0.5889862257817192
Ado-B12,241121_Poo_UCYNA-culture_Full3,443676,904,NA,NA,770732.7949775113,0.5756547572533821
Ado-B12,241121_Smp_UCYNA_Z-2,108,904,Flag,Flag,770732.7949775113,1.4012638453142669e-4
Ado-B12,241121_Smp_UCYNA_Z-4,260,904,Flag,Flag,770732.7949775113,3.373412960941754e-4
Ado-B12,241121_Smp_UCYNA_Z-7,480,904,Flag,Flag,770732.7949775113,6.227839312507853e-4
Ado-B12,241121_Smp_UCYNA_Z-12,97,904,Flag,Flag,770732.7949775113,1.258542527735962e-4
Ado-B12,241121_Smp_UCYNA_Z-13,531,904,Flag,Flag,770732.7949775113,6.889547239461813e-4
Ado-B12,241121_Smp_UCYNA_Z-17,332,904,Flag,Flag,770732.7949775113,4.307588857817932e-4
Ado-B12,241121_Smp_UCYNA_Z-19,350284,904,NA,NA,770732.7949775113,0.45448176369635435
Ado-B12,241121_Smp_UCYNA_Z-20,365094,904,NA,NA,770732.7949775113,0.47369724290848797
Ado-B12,241121_Smp_UCYNA_Z-21,2388,904,Flag,NA,770732.7949775113,0.0030983500579726568
Ado-B12,241121_Smp_UCYNA_Z-22,584890,904,NA,NA,770732.7949775113,0.7588751948943163
Ado-B12,241121_Smp_UCYNA_Z-23,699136,904,NA,NA,770732.7949775113,0.9071055553311438
Ado-B12,241121_Smp_UCYNA_Z-24,546814,904,NA,NA,770732.7949775113,0.7094728595478478
Ado-B12,241121_Smp_UCYNA_Z-25,1224,904,Flag,NA,770732.7949775113,0.0015880990246895025
Ado-B12,241121_Smp_UCYNA_Z-26,1270,904,Flag,NA,770732.7949775113,0.0016477824847677027
Ado-B12,241121_Smp_UCYNA_Z-27,568,904,Flag,Flag,770732.7949775113,7.369609853134293e-4
Ado-B12,241121_Smp_UCYNA_Z-28,12,904,Flag,Flag,770732.7949775113,1.5569598281269632e-5
Ado-B12,241121_Smp_UCYNA_Z-29,280,904,Flag,Flag,770732.7949775113,3.632906265629581e-4
Ado-B12,241121_Smp_UCYNA_Z-30,595237,904,NA,NA,770732.7949775113,0.772300081012341
Ado-B12,241121_Smp_UCYNA_Z-31,617405,904,NA,NA,770732.7949775113,0.8010623189039399
Ado-B12,241121_Smp_UCYNA_Z-32,661143,904,NA,NA,770732.7949775113,0.8578109097061207
Ado-B12,241121_Smp_UCYNA_Z-33,3815,904,Flag,NA,770732.7949775113,0.004949834786920304
Ado-B12,241121_Smp_UCYNA_Z-34,1278095,904,NA,NA,770732.7949775113,1.6582854762749426
Ado-B12,241121_Smp_UCYNA_Z-35,898765,904,NA,NA,770732.7949775113,1.1661174999387751
Ado-B12,241121_Smp_UCYNA_Z-36,1079326,904,NA,NA,770732.7949775113,1.400389352877469
Ado-B12,241121_Smp_UCYNA_Z-37,1918,904,Flag,NA,770732.7949775113,0.002488540791956263
Ado-B12,241121_Smp_UCYNA_Z-38,1111,904,Flag,NA,770732.7949775113,0.00144148530754088
Ado-B12,241121_Smp_UCYNA_Z-39,884,904,Flag,Flag,770732.7949775113,0.0011469604067201962
Ado-B12,241121_Smp_UCYNA_Z-40,574,904,Flag,Flag,770732.7949775113,7.447457844540641e-4
Ado-B12,241121_Smp_UCYNA_Z-41,434,904,Flag,Flag,770732.7949775113,5.631004711725851e-4
Ado-B12,241121_Smp_UCYNA_Z-42,258,904,Flag,Flag,770732.7949775113,3.347463630472971e-4
OH-B12,241121_Std_0nM_UCYNA_B12_1,16433,16386,Flag,NA,1282177.6128185908,0.01281647708999972
OH-B12,241121_Std_0nM_UCYNA_B12_2,7444,16386,Flag,Flag,1282177.6128185908,0.0058057479132208305
OH-B12,241121_Std_1nM_UCYNA_B12_1,1104077,16386,NA,NA,1282177.6128185908,0.8610952094015469
OH-B12,241121_Std_1nM_UCYNA_B12_2,1097360,16386,NA,NA,1282177.6128185908,0.8558564656168741
OH-B12,241121_Std_5nM_UCYNA_B12_1,6163138,16386,NA,NA,1282177.6128185908,4.806773990111768
OH-B12,241121_Std_5nM_UCYNA_B12_2,5852442,16386,NA,NA,1282177.6128185908,4.564454987741261
OH-B12,241121_Std_10nM_UCYNA_B12_1,9593904,16386,NA,NA,1282177.6128185908,7.482507808656768
OH-B12,241121_Std_10nM_UCYNA_B12_2,11911691,16386,NA,NA,1282177.6128185908,9.290203541937313
OH-B12,241121_Std_20nM_UCYNA_B12_1,26106800,16386,NA,NA,1282177.6128185908,20.361297638483823
OH-B12,241121_Std_20nM_UCYNA_B12_2,25784560,16386,NA,NA,1282177.6128185908,20.109975203293565
OH-B12,241121_Std_50nM_RP-Mix234_InH2O,4703,16386,Flag,Flag,1282177.6128185908,0.003667978564733687
OH-B12,241121_Poo_UCYNA-culture_Full1,1170112,16386,NA,NA,1282177.6128185908,0.9125974344753698
OH-B12,241121_Poo_UCYNA-culture_Full2,996164,16386,NA,NA,1282177.6128185908,0.7769313627385432
OH-B12,241121_Poo_UCYNA-culture_Full3,1097706,16386,NA,NA,1282177.6128185908,0.8561263190260593
OH-B12,241121_Smp_UCYNA_Z-2,273,16386,Flag,Flag,1282177.6128185908,2.1291901938598693e-4
OH-B12,241121_Smp_UCYNA_Z-4,6169,16386,Flag,Flag,1282177.6128185908,0.004811345899604958
OH-B12,241121_Smp_UCYNA_Z-7,24475,16386,Flag,NA,1282177.6128185908,0.019088619045685092
OH-B12,241121_Smp_UCYNA_Z-12,1421,16386,Flag,Flag,1282177.6128185908,0.0011082707932142397
OH-B12,241121_Smp_UCYNA_Z-13,58,16386,Flag,Flag,1282177.6128185908,4.523554258017305e-5
OH-B12,241121_Smp_UCYNA_Z-17,376,16386,Flag,Flag,1282177.6128185908,2.932511036231908e-4
OH-B12,241121_Smp_UCYNA_Z-19,1556096,16386,NA,NA,1282177.6128185908,1.2136352908075339
OH-B12,241121_Smp_UCYNA_Z-20,1478563,16386,NA,NA,1282177.6128185908,1.1531655093787656
OH-B12,241121_Smp_UCYNA_Z-21,272,16386,Flag,Flag,1282177.6128185908,2.1213909623805292e-4
OH-B12,241121_Smp_UCYNA_Z-22,1934374,16386,NA,NA,1282177.6128185908,1.5086630593617183
OH-B12,241121_Smp_UCYNA_Z-23,1911265,16386,NA,NA,1282177.6128185908,1.4906398153361111
OH-B12,241121_Smp_UCYNA_Z-24,1731486,16386,NA,NA,1282177.6128185908,1.3504260117236813
OH-B12,241121_Smp_UCYNA_Z-25,4248,16386,Flag,Flag,1282177.6128185908,0.0033131135324237088
OH-B12,241121_Smp_UCYNA_Z-26,13671,16386,Flag,Flag,1282177.6128185908,0.010662329355405962
OH-B12,241121_Smp_UCYNA_Z-27,1470,16386,Flag,Flag,1282177.6128185908,0.0011464870274630065
OH-B12,241121_Smp_UCYNA_Z-28,519,16386,Flag,Flag,1282177.6128185908,4.047801137777554e-4
OH-B12,241121_Smp_UCYNA_Z-29,1591,16386,Flag,Flag,1282177.6128185908,0.0012408577283630228
OH-B12,241121_Smp_UCYNA_Z-30,1005317,16386,NA,NA,1282177.6128185908,0.7840699993115833
OH-B12,241121_Smp_UCYNA_Z-31,1331448,16386,NA,NA,1282177.6128185908,1.0384271154704525
OH-B12,241121_Smp_UCYNA_Z-32,1116224,16386,NA,NA,1282177.6128185908,0.8705689358795015
OH-B12,241121_Smp_UCYNA_Z-33,10685,16386,Flag,Flag,1282177.6128185908,0.008333478835674984
OH-B12,241121_Smp_UCYNA_Z-34,1499341,16386,NA,NA,1282177.6128185908,1.1693707525465387
OH-B12,241121_Smp_UCYNA_Z-35,1339042,16386,NA,NA,1282177.6128185908,1.0443498518558634
OH-B12,241121_Smp_UCYNA_Z-36,1378531,16386,NA,NA,1282177.6128185908,1.07514823704463
OH-B12,241121_Smp_UCYNA_Z-37,49956,16386,NA,NA,1282177.6128185908,0.03896184077819181
OH-B12,241121_Smp_UCYNA_Z-38,28154,16386,Flag,NA,1282177.6128185908,0.021957956306934347
OH-B12,241121_Smp_UCYNA_Z-39,9195,16386,Flag,Flag,1282177.6128185908,0.007171393345253296
OH-B12,241121_Smp_UCYNA_Z-40,24036,16386,Flag,NA,1282177.6128185908,0.01874623278374206
OH-B12,241121_Smp_UCYNA_Z-41,30188,16386,Flag,NA,1282177.6128185908,0.023544319989832137
OH-B12,241121_Smp_UCYNA_Z-42,13642,16386,Flag,Flag,1282177.6128185908,0.010639711584115875
CN-B12,241121_Std_0nM_UCYNA_B12_1,7241,11338,Flag,Flag,1565371.0074962522,0.00462574045726175
CN-B12,241121_Std_0nM_UCYNA_B12_2,7719,11338,Flag,Flag,1565371.0074962522,0.004931099377103086
CN-B12,241121_Std_1nM_UCYNA_B12_1,1191595,11338,NA,NA,1565371.0074962522,0.7612220964191154
CN-B12,241121_Std_1nM_UCYNA_B12_2,1413615,11338,NA,NA,1565371.0074962522,0.9030542875973027
CN-B12,241121_Std_5nM_UCYNA_B12_1,6103125,11338,NA,NA,1565371.0074962522,3.8988361038842174
CN-B12,241121_Std_5nM_UCYNA_B12_2,7445579,11338,NA,NA,1565371.0074962522,4.756430880822881
CN-B12,241121_Std_10nM_UCYNA_B12_1,10298461,11338,NA,NA,1565371.0074962522,6.578926625498177
CN-B12,241121_Std_10nM_UCYNA_B12_2,16066892,11338,NA,NA,1565371.0074962522,10.263951435831398
CN-B12,241121_Std_20nM_UCYNA_B12_1,29048404,11338,NA,NA,1565371.0074962522,18.556881314968106
CN-B12,241121_Std_20nM_UCYNA_B12_2,34039576,11338,NA,NA,1565371.0074962522,21.745372718027358
CN-B12,241121_Std_50nM_RP-Mix234_InH2O,7991,11338,Flag,Flag,1565371.0074962522,0.005104860101364265
CN-B12,241121_Poo_UCYNA-culture_Full1,30576,11338,Flag,NA,1565371.0074962522,0.019532749650771338
CN-B12,241121_Poo_UCYNA-culture_Full2,40386,11338,NA,NA,1565371.0074962522,0.02579963459563224
CN-B12,241121_Poo_UCYNA-culture_Full3,41140,11338,NA,NA,1565371.0074962522,0.0262813095445033
CN-B12,241121_Smp_UCYNA_Z-2,338,11338,Flag,Flag,1565371.0074962522,2.1592325294220017e-4
CN-B12,241121_Smp_UCYNA_Z-4,11404,11338,Flag,NA,1565371.0074962522,0.007285173895126778
CN-B12,241121_Smp_UCYNA_Z-7,10402,11338,Flag,Flag,1565371.0074962522,0.006645070050605818
CN-B12,241121_Smp_UCYNA_Z-12,468,11338,Flag,Flag,1565371.0074962522,2.989706579199695e-4
CN-B12,241121_Smp_UCYNA_Z-13,45,11338,Flag,Flag,1565371.0074962522,2.8747178646150913e-5
CN-B12,241121_Smp_UCYNA_Z-17,19,11338,Flag,Flag,1565371.0074962522,1.2137697650597051e-5
CN-B12,241121_Smp_UCYNA_Z-19,99270,11338,NA,NA,1565371.0074962522,0.06341627609340891
CN-B12,241121_Smp_UCYNA_Z-20,96728,11338,NA,NA,1565371.0074962522,0.06179237991299746
CN-B12,241121_Smp_UCYNA_Z-21,1119,11338,Flag,Flag,1565371.0074962522,7.148465090009527e-4
CN-B12,241121_Smp_UCYNA_Z-22,161505,11338,NA,NA,1565371.0074962522,0.10317362416103562
CN-B12,241121_Smp_UCYNA_Z-23,145138,11338,NA,NA,1565371.0074962522,0.09271795587433447
CN-B12,241121_Smp_UCYNA_Z-24,142392,11338,NA,NA,1565371.0074962522,0.09096373915072713
CN-B12,241121_Smp_UCYNA_Z-25,357,11338,Flag,Flag,1565371.0074962522,2.2806095059279722e-4
CN-B12,241121_Smp_UCYNA_Z-26,5,11338,Flag,Flag,1565371.0074962522,3.1941309606834346e-6
CN-B12,241121_Smp_UCYNA_Z-27,0,11338,Flag,Flag,1565371.0074962522,0
CN-B12,241121_Smp_UCYNA_Z-28,24,11338,Flag,Flag,1565371.0074962522,1.5331828611280487e-5
CN-B12,241121_Smp_UCYNA_Z-29,740,11338,Flag,Flag,1565371.0074962522,4.727313821811483e-4
CN-B12,241121_Smp_UCYNA_Z-30,893,11338,Flag,Flag,1565371.0074962522,5.704717895780615e-4
CN-B12,241121_Smp_UCYNA_Z-31,3156,11338,Flag,Flag,1565371.0074962522,0.002016135462383384
CN-B12,241121_Smp_UCYNA_Z-32,2364,11338,Flag,Flag,1565371.0074962522,0.001510185118211128
CN-B12,241121_Smp_UCYNA_Z-33,2097,11338,Flag,Flag,1565371.0074962522,0.0013396185249106324
CN-B12,241121_Smp_UCYNA_Z-34,2955,11338,Flag,Flag,1565371.0074962522,0.0018877313977639098
CN-B12,241121_Smp_UCYNA_Z-35,115,11338,Flag,Flag,1565371.0074962522,7.3465012095719e-5
CN-B12,241121_Smp_UCYNA_Z-36,1241,11338,Flag,Flag,1565371.0074962522,7.927833044416285e-4
CN-B12,241121_Smp_UCYNA_Z-37,19,11338,Flag,Flag,1565371.0074962522,1.2137697650597051e-5
CN-B12,241121_Smp_UCYNA_Z-38,37,11338,Flag,Flag,1565371.0074962522,2.3636569109057415e-5
CN-B12,241121_Smp_UCYNA_Z-39,82,11338,Flag,Flag,1565371.0074962522,5.238374775520833e-5
CN-B12,241121_Smp_UCYNA_Z-40,838,11338,Flag,Flag,1565371.0074962522,5.353363490105436e-4
CN-B12,241121_Smp_UCYNA_Z-41,14,11338,Flag,Flag,1565371.0074962522,8.9435666899136165e-06
CN-B12,241121_Smp_UCYNA_Z-42,707,11338,Flag,Flag,1565371.0074962522,4.5165011784063764e-4
CN-Pseudocob,241121_Std_0nM_UCYNA_B12_1,16,1715,Flag,Flag,-4.85832083958021,-3.2933189322635394
CN-Pseudocob,241121_Std_0nM_UCYNA_B12_2,20,1715,Flag,Flag,-4.85832083958021,-4.116648665329425
CN-Pseudocob,241121_Std_1nM_UCYNA_B12_1,36,1715,Flag,Flag,-4.85832083958021,-7.409967597592964
CN-Pseudocob,241121_Std_1nM_UCYNA_B12_2,487,1715,Flag,Flag,-4.85832083958021,-100.24039500077149
CN-Pseudocob,241121_Std_5nM_UCYNA_B12_1,55,1715,Flag,Flag,-4.85832083958021,-11.320783829655918
CN-Pseudocob,241121_Std_5nM_UCYNA_B12_2,530,1715,Flag,Flag,-4.85832083958021,-109.09118963122975
CN-Pseudocob,241121_Std_10nM_UCYNA_B12_1,20,1715,Flag,Flag,-4.85832083958021,-4.116648665329425
CN-Pseudocob,241121_Std_10nM_UCYNA_B12_2,577,1715,Flag,Flag,-4.85832083958021,-118.7653139947539
CN-Pseudocob,241121_Std_20nM_UCYNA_B12_1,13,1715,Flag,Flag,-4.85832083958021,-2.675821632464126
CN-Pseudocob,241121_Std_20nM_UCYNA_B12_2,28,1715,Flag,Flag,-4.85832083958021,-5.763308131461194
CN-Pseudocob,241121_Std_50nM_RP-Mix234_InH2O,2544,1715,Flag,NA,-4.85832083958021,-523.6377102299028
CN-Pseudocob,241121_Poo_UCYNA-culture_Full1,1909,1715,Flag,NA,-4.85832083958021,-392.9341151056936
CN-Pseudocob,241121_Poo_UCYNA-culture_Full2,728,1715,Flag,Flag,-4.85832083958021,-149.84601141799106
CN-Pseudocob,241121_Poo_UCYNA-culture_Full3,0,1715,Flag,Flag,-4.85832083958021,-0
CN-Pseudocob,241121_Smp_UCYNA_Z-2,390,1715,Flag,Flag,-4.85832083958021,-80.27464897392377
CN-Pseudocob,241121_Smp_UCYNA_Z-4,471,1715,Flag,Flag,-4.85832083958021,-96.94707606850795
CN-Pseudocob,241121_Smp_UCYNA_Z-7,626,1715,Flag,Flag,-4.85832083958021,-128.851103224811
CN-Pseudocob,241121_Smp_UCYNA_Z-12,584,1715,Flag,Flag,-4.85832083958021,-120.2061410276192
CN-Pseudocob,241121_Smp_UCYNA_Z-13,951,1715,Flag,Flag,-4.85832083958021,-195.74664403641412
CN-Pseudocob,241121_Smp_UCYNA_Z-17,408,1715,Flag,Flag,-4.85832083958021,-83.97963277272027
CN-Pseudocob,241121_Smp_UCYNA_Z-19,10,1715,Flag,Flag,-4.85832083958021,-2.0583243326647125
CN-Pseudocob,241121_Smp_UCYNA_Z-20,894,1715,Flag,Flag,-4.85832083958021,-184.01419534022529
CN-Pseudocob,241121_Smp_UCYNA_Z-21,5,1715,Flag,Flag,-4.85832083958021,-1.0291621663323562
CN-Pseudocob,241121_Smp_UCYNA_Z-22,1098,1715,Flag,Flag,-4.85832083958021,-226.00401172658542
CN-Pseudocob,241121_Smp_UCYNA_Z-23,54,1715,Flag,Flag,-4.85832083958021,-11.114951396389447
CN-Pseudocob,241121_Smp_UCYNA_Z-24,927,1715,Flag,Flag,-4.85832083958021,-190.80666563801884
CN-Pseudocob,241121_Smp_UCYNA_Z-25,0,1715,Flag,Flag,-4.85832083958021,-0
CN-Pseudocob,241121_Smp_UCYNA_Z-26,1,1715,Flag,Flag,-4.85832083958021,-0.20583243326647122
CN-Pseudocob,241121_Smp_UCYNA_Z-27,402,1715,Flag,Flag,-4.85832083958021,-82.74463817312143
CN-Pseudocob,241121_Smp_UCYNA_Z-28,649,1715,Flag,Flag,-4.85832083958021,-133.58524918993982
CN-Pseudocob,241121_Smp_UCYNA_Z-29,0,1715,Flag,Flag,-4.85832083958021,-0
CN-Pseudocob,241121_Smp_UCYNA_Z-30,1019,1715,Flag,Flag,-4.85832083958021,-209.74324949853417
CN-Pseudocob,241121_Smp_UCYNA_Z-31,3007,1715,Flag,NA,-4.85832083958021,-618.938126832279
CN-Pseudocob,241121_Smp_UCYNA_Z-32,0,1715,Flag,Flag,-4.85832083958021,-0
CN-Pseudocob,241121_Smp_UCYNA_Z-33,579,1715,Flag,Flag,-4.85832083958021,-119.17697886128684
CN-Pseudocob,241121_Smp_UCYNA_Z-34,401,1715,Flag,Flag,-4.85832083958021,-82.53880573985496
CN-Pseudocob,241121_Smp_UCYNA_Z-35,14,1715,Flag,Flag,-4.85832083958021,-2.881654065730597
CN-Pseudocob,241121_Smp_UCYNA_Z-36,925,1715,Flag,Flag,-4.85832083958021,-190.39500077148588
CN-Pseudocob,241121_Smp_UCYNA_Z-37,18,1715,Flag,Flag,-4.85832083958021,-3.704983798796482
CN-Pseudocob,241121_Smp_UCYNA_Z-38,270,1715,Flag,Flag,-4.85832083958021,-55.57475698194723
CN-Pseudocob,241121_Smp_UCYNA_Z-39,548,1715,Flag,Flag,-4.85832083958021,-112.79617343002623
CN-Pseudocob,241121_Smp_UCYNA_Z-40,288,1715,Flag,Flag,-4.85832083958021,-59.279740780743715
CN-Pseudocob,241121_Smp_UCYNA_Z-41,378,1715,Flag,Flag,-4.85832083958021,-77.80465977472612
CN-Pseudocob,241121_Smp_UCYNA_Z-42,469,1715,Flag,Flag,-4.85832083958021,-96.53541120197501
OH-Pseudocob,241121_Std_0nM_UCYNA_B12_1,45,198,Flag,Flag,-1.8062218890554722,-24.913882548246526
OH-Pseudocob,241121_Std_0nM_UCYNA_B12_2,23,198,Flag,Flag,-1.8062218890554722,-12.733762191326
OH-Pseudocob,241121_Std_1nM_UCYNA_B12_1,51,198,Flag,Flag,-1.8062218890554722,-28.235733554679395
OH-Pseudocob,241121_Std_1nM_UCYNA_B12_2,29,198,Flag,Flag,-1.8062218890554722,-16.055613197758873
OH-Pseudocob,241121_Std_5nM_UCYNA_B12_1,9,198,Flag,Flag,-1.8062218890554722,-4.982776509649305
OH-Pseudocob,241121_Std_5nM_UCYNA_B12_2,32,198,Flag,Flag,-1.8062218890554722,-17.716538700975306
OH-Pseudocob,241121_Std_10nM_UCYNA_B12_1,38,198,Flag,Flag,-1.8062218890554722,-21.038389707408175
OH-Pseudocob,241121_Std_10nM_UCYNA_B12_2,2,198,Flag,Flag,-1.8062218890554722,-1.1072836688109566
OH-Pseudocob,241121_Std_20nM_UCYNA_B12_1,0,198,Flag,Flag,-1.8062218890554722,-0
OH-Pseudocob,241121_Std_20nM_UCYNA_B12_2,0,198,Flag,Flag,-1.8062218890554722,-0
OH-Pseudocob,241121_Std_50nM_RP-Mix234_InH2O,32,198,Flag,Flag,-1.8062218890554722,-17.716538700975306
OH-Pseudocob,241121_Poo_UCYNA-culture_Full1,4504,198,Flag,NA,-1.8062218890554722,-2493.6028221622746
OH-Pseudocob,241121_Poo_UCYNA-culture_Full2,3664,198,Flag,NA,-1.8062218890554722,-2028.5436812616726
OH-Pseudocob,241121_Poo_UCYNA-culture_Full3,1392,198,Flag,NA,-1.8062218890554722,-770.6694334924258
OH-Pseudocob,241121_Smp_UCYNA_Z-2,6,198,Flag,Flag,-1.8062218890554722,-3.32185100643287
OH-Pseudocob,241121_Smp_UCYNA_Z-4,239,198,Flag,NA,-1.8062218890554722,-132.32039842290934
OH-Pseudocob,241121_Smp_UCYNA_Z-7,55,198,Flag,Flag,-1.8062218890554722,-30.450300892301307
OH-Pseudocob,241121_Smp_UCYNA_Z-12,25,198,Flag,Flag,-1.8062218890554722,-13.841045860136958
OH-Pseudocob,241121_Smp_UCYNA_Z-13,7,198,Flag,Flag,-1.8062218890554722,-3.875492840838348
OH-Pseudocob,241121_Smp_UCYNA_Z-17,64,198,Flag,Flag,-1.8062218890554722,-35.43307740195061
OH-Pseudocob,241121_Smp_UCYNA_Z-19,169,198,Flag,Flag,-1.8062218890554722,-93.56547001452584
OH-Pseudocob,241121_Smp_UCYNA_Z-20,272,198,Flag,NA,-1.8062218890554722,-150.5905789582901
OH-Pseudocob,241121_Smp_UCYNA_Z-21,97,198,Flag,Flag,-1.8062218890554722,-53.7032579373314
OH-Pseudocob,241121_Smp_UCYNA_Z-22,1664,198,Flag,NA,-1.8062218890554722,-921.260012450716
OH-Pseudocob,241121_Smp_UCYNA_Z-23,1505,198,Flag,NA,-1.8062218890554722,-833.2309607802449
OH-Pseudocob,241121_Smp_UCYNA_Z-24,4852,198,Flag,NA,-1.8062218890554722,-2686.270180535381
OH-Pseudocob,241121_Smp_UCYNA_Z-25,1097,198,Flag,NA,-1.8062218890554722,-607.3450923428097
OH-Pseudocob,241121_Smp_UCYNA_Z-26,2266,198,Flag,NA,-1.8062218890554722,-1254.552396762814
OH-Pseudocob,241121_Smp_UCYNA_Z-27,816,198,Flag,NA,-1.8062218890554722,-451.7717368748703
OH-Pseudocob,241121_Smp_UCYNA_Z-28,1065,198,Flag,NA,-1.8062218890554722,-589.6285536418344
OH-Pseudocob,241121_Smp_UCYNA_Z-29,33,198,Flag,Flag,-1.8062218890554722,-18.270180535380785
OH-Pseudocob,241121_Smp_UCYNA_Z-30,3718,198,Flag,NA,-1.8062218890554722,-2058.4403403195683
OH-Pseudocob,241121_Smp_UCYNA_Z-31,5220,198,Flag,NA,-1.8062218890554722,-2890.010375596597
OH-Pseudocob,241121_Smp_UCYNA_Z-32,1121,198,Flag,NA,-1.8062218890554722,-620.6324963685412
OH-Pseudocob,241121_Smp_UCYNA_Z-33,64,198,Flag,Flag,-1.8062218890554722,-35.43307740195061
OH-Pseudocob,241121_Smp_UCYNA_Z-34,5024,198,Flag,NA,-1.8062218890554722,-2781.496576053123
OH-Pseudocob,241121_Smp_UCYNA_Z-35,6456,198,Flag,NA,-1.8062218890554722,-3574.311682921768
OH-Pseudocob,241121_Smp_UCYNA_Z-36,4012,198,Flag,NA,-1.8062218890554722,-2221.211039634779
OH-Pseudocob,241121_Smp_UCYNA_Z-37,7829,198,Flag,NA,-1.8062218890554722,-4334.46192156049
OH-Pseudocob,241121_Smp_UCYNA_Z-38,19850,198,Flag,NA,-1.8062218890554722,-10989.790412948745
OH-Pseudocob,241121_Smp_UCYNA_Z-39,9819,198,Flag,NA,-1.8062218890554722,-5436.209172027392
OH-Pseudocob,241121_Smp_UCYNA_Z-40,27,198,Flag,Flag,-1.8062218890554722,-14.948329528947914
OH-Pseudocob,241121_Smp_UCYNA_Z-41,42,198,Flag,Flag,-1.8062218890554722,-23.25295704503009
OH-Pseudocob,241121_Smp_UCYNA_Z-42,3491,198,Flag,NA,-1.8062218890554722,-1932.763643909525
Me-Pseudocob,241121_Std_0nM_UCYNA_B12_1,75,311,Flag,Flag,10.196026986506745,7.355806344888433
Me-Pseudocob,241121_Std_0nM_UCYNA_B12_2,20,311,Flag,Flag,10.196026986506745,1.9615483586369153
Me-Pseudocob,241121_Std_1nM_UCYNA_B12_1,15,311,Flag,Flag,10.196026986506745,1.4711612689776865
Me-Pseudocob,241121_Std_1nM_UCYNA_B12_2,161,311,Flag,Flag,10.196026986506745,15.79046428702717
Me-Pseudocob,241121_Std_5nM_UCYNA_B12_1,93,311,Flag,Flag,10.196026986506745,9.121199867661657
Me-Pseudocob,241121_Std_5nM_UCYNA_B12_2,48,311,Flag,Flag,10.196026986506745,4.707716060728597
Me-Pseudocob,241121_Std_10nM_UCYNA_B12_1,47,311,Flag,Flag,10.196026986506745,4.609638642796751
Me-Pseudocob,241121_Std_10nM_UCYNA_B12_2,58,311,Flag,Flag,10.196026986506745,5.688490240047055
Me-Pseudocob,241121_Std_20nM_UCYNA_B12_1,238,311,Flag,Flag,10.196026986506745,23.342425467779293
Me-Pseudocob,241121_Std_20nM_UCYNA_B12_2,327,311,Flag,NA,10.196026986506745,32.07131566371357
Me-Pseudocob,241121_Std_50nM_RP-Mix234_InH2O,48,311,Flag,Flag,10.196026986506745,4.707716060728597
Me-Pseudocob,241121_Poo_UCYNA-culture_Full1,29,311,Flag,Flag,10.196026986506745,2.8442451200235275
Me-Pseudocob,241121_Poo_UCYNA-culture_Full2,746,311,Flag,NA,10.196026986506745,73.16575377715695
Me-Pseudocob,241121_Poo_UCYNA-culture_Full3,6,311,Flag,Flag,10.196026986506745,0.5884645075910746
Me-Pseudocob,241121_Smp_UCYNA_Z-2,27,311,Flag,Flag,10.196026986506745,2.648090284159836
Me-Pseudocob,241121_Smp_UCYNA_Z-4,39,311,Flag,Flag,10.196026986506745,3.825019299341985
Me-Pseudocob,241121_Smp_UCYNA_Z-7,201,311,Flag,Flag,10.196026986506745,19.713561004301
Me-Pseudocob,241121_Smp_UCYNA_Z-12,53,311,Flag,Flag,10.196026986506745,5.198103150387826
Me-Pseudocob,241121_Smp_UCYNA_Z-13,276,311,Flag,Flag,10.196026986506745,27.069367349189434
Me-Pseudocob,241121_Smp_UCYNA_Z-17,26,311,Flag,Flag,10.196026986506745,2.55001286622799
Me-Pseudocob,241121_Smp_UCYNA_Z-19,5,311,Flag,Flag,10.196026986506745,0.49038708965922884
Me-Pseudocob,241121_Smp_UCYNA_Z-20,15,311,Flag,Flag,10.196026986506745,1.4711612689776865
Me-Pseudocob,241121_Smp_UCYNA_Z-21,0,311,Flag,Flag,10.196026986506745,0
Me-Pseudocob,241121_Smp_UCYNA_Z-22,8,311,Flag,Flag,10.196026986506745,0.7846193434547661
Me-Pseudocob,241121_Smp_UCYNA_Z-23,15,311,Flag,Flag,10.196026986506745,1.4711612689776865
Me-Pseudocob,241121_Smp_UCYNA_Z-24,56,311,Flag,Flag,10.196026986506745,5.492335404183363
Me-Pseudocob,241121_Smp_UCYNA_Z-25,34,311,Flag,Flag,10.196026986506745,3.334632209682756
Me-Pseudocob,241121_Smp_UCYNA_Z-26,1,311,Flag,Flag,10.196026986506745,0.09807741793184577
Me-Pseudocob,241121_Smp_UCYNA_Z-27,33,311,Flag,Flag,10.196026986506745,3.2365547917509105
Me-Pseudocob,241121_Smp_UCYNA_Z-28,0,311,Flag,Flag,10.196026986506745,0
Me-Pseudocob,241121_Smp_UCYNA_Z-29,0,311,Flag,Flag,10.196026986506745,0
Me-Pseudocob,241121_Smp_UCYNA_Z-30,2752,311,Flag,NA,10.196026986506745,269.90905414843957
Me-Pseudocob,241121_Smp_UCYNA_Z-31,39,311,Flag,Flag,10.196026986506745,3.825019299341985
Me-Pseudocob,241121_Smp_UCYNA_Z-32,6,311,Flag,Flag,10.196026986506745,0.5884645075910746
Me-Pseudocob,241121_Smp_UCYNA_Z-33,14,311,Flag,Flag,10.196026986506745,1.3730838510458407
Me-Pseudocob,241121_Smp_UCYNA_Z-34,358,311,Flag,NA,10.196026986506745,35.11171561960079
Me-Pseudocob,241121_Smp_UCYNA_Z-35,46,311,Flag,Flag,10.196026986506745,4.511561224864906
Me-Pseudocob,241121_Smp_UCYNA_Z-36,442,311,Flag,NA,10.196026986506745,43.350218725875834
Me-Pseudocob,241121_Smp_UCYNA_Z-37,6,311,Flag,Flag,10.196026986506745,0.5884645075910746
Me-Pseudocob,241121_Smp_UCYNA_Z-38,611,311,Flag,NA,10.196026986506745,59.92530235635777
Me-Pseudocob,241121_Smp_UCYNA_Z-39,51,311,Flag,Flag,10.196026986506745,5.001948314524134
Me-Pseudocob,241121_Smp_UCYNA_Z-40,13,311,Flag,Flag,10.196026986506745,1.275006433113995
Me-Pseudocob,241121_Smp_UCYNA_Z-41,48,311,Flag,Flag,10.196026986506745,4.707716060728597
Me-Pseudocob,241121_Smp_UCYNA_Z-42,36,311,Flag,Flag,10.196026986506745,3.5307870455464476
Ado-Pseudocob,241121_Std_0nM_UCYNA_B12_1,556,1605,Flag,Flag,-3.251124437781113,-171.01775420797767
Ado-Pseudocob,241121_Std_0nM_UCYNA_B12_2,309,1605,Flag,Flag,-3.251124437781113,-95.04403965875018
Ado-Pseudocob,241121_Std_1nM_UCYNA_B12_1,538,1605,Flag,Flag,-3.251124437781113,-165.48120820843883
Ado-Pseudocob,241121_Std_1nM_UCYNA_B12_2,426,1605,Flag,Flag,-3.251124437781113,-131.03158865575267
Ado-Pseudocob,241121_Std_5nM_UCYNA_B12_1,583,1605,Flag,Flag,-3.251124437781113,-179.32257320728596
Ado-Pseudocob,241121_Std_5nM_UCYNA_B12_2,219,1605,Flag,Flag,-3.251124437781113,-67.36130966105596
Ado-Pseudocob,241121_Std_10nM_UCYNA_B12_1,623,1605,Flag,Flag,-3.251124437781113,-191.6260087618167
Ado-Pseudocob,241121_Std_10nM_UCYNA_B12_2,359,1605,Flag,Flag,-3.251124437781113,-110.42333410191364
Ado-Pseudocob,241121_Std_20nM_UCYNA_B12_1,408,1605,Flag,Flag,-3.251124437781113,-125.49504265621384
Ado-Pseudocob,241121_Std_20nM_UCYNA_B12_2,333,1605,Flag,Flag,-3.251124437781113,-102.42610099146864
Ado-Pseudocob,241121_Std_50nM_RP-Mix234_InH2O,23,1605,Flag,Flag,-3.251124437781113,-7.074475443855191
Ado-Pseudocob,241121_Poo_UCYNA-culture_Full1,980,1605,Flag,Flag,-3.251124437781113,-301.4341710860038
Ado-Pseudocob,241121_Poo_UCYNA-culture_Full2,125,1605,Flag,Flag,-3.251124437781113,-38.44823610790865
Ado-Pseudocob,241121_Poo_UCYNA-culture_Full3,565,1605,Flag,Flag,-3.251124437781113,-173.7860272077471
Ado-Pseudocob,241121_Smp_UCYNA_Z-2,708,1605,Flag,Flag,-3.251124437781113,-217.77080931519458
Ado-Pseudocob,241121_Smp_UCYNA_Z-4,194,1605,Flag,Flag,-3.251124437781113,-59.671662439474225
Ado-Pseudocob,241121_Smp_UCYNA_Z-7,629,1605,Flag,Flag,-3.251124437781113,-193.47152409499634
Ado-Pseudocob,241121_Smp_UCYNA_Z-12,612,1605,Flag,Flag,-3.251124437781113,-188.24256398432075
Ado-Pseudocob,241121_Smp_UCYNA_Z-13,529,1605,Flag,Flag,-3.251124437781113,-162.71293520866942
Ado-Pseudocob,241121_Smp_UCYNA_Z-17,538,1605,Flag,Flag,-3.251124437781113,-165.48120820843883
Ado-Pseudocob,241121_Smp_UCYNA_Z-19,74,1605,Flag,Flag,-3.251124437781113,-22.76135577588192
Ado-Pseudocob,241121_Smp_UCYNA_Z-20,932,1605,Flag,Flag,-3.251124437781113,-286.6700484205669
Ado-Pseudocob,241121_Smp_UCYNA_Z-21,208,1605,Flag,Flag,-3.251124437781113,-63.977864883559995
Ado-Pseudocob,241121_Smp_UCYNA_Z-22,1002,1605,Flag,Flag,-3.251124437781113,-308.20106064099576
Ado-Pseudocob,241121_Smp_UCYNA_Z-23,826,1605,Flag,Flag,-3.251124437781113,-254.06594420106035
Ado-Pseudocob,241121_Smp_UCYNA_Z-24,792,1605,Flag,Flag,-3.251124437781113,-243.6080239797092
Ado-Pseudocob,241121_Smp_UCYNA_Z-25,435,1605,Flag,Flag,-3.251124437781113,-133.7998616555221
Ado-Pseudocob,241121_Smp_UCYNA_Z-26,346,1605,Flag,Flag,-3.251124437781113,-106.42471754669114
Ado-Pseudocob,241121_Smp_UCYNA_Z-27,343,1605,Flag,Flag,-3.251124437781113,-105.50195988010134
Ado-Pseudocob,241121_Smp_UCYNA_Z-28,349,1605,Flag,Flag,-3.251124437781113,-107.34747521328094
Ado-Pseudocob,241121_Smp_UCYNA_Z-29,194,1605,Flag,Flag,-3.251124437781113,-59.671662439474225
Ado-Pseudocob,241121_Smp_UCYNA_Z-30,511,1605,Flag,Flag,-3.251124437781113,-157.17638920913055
Ado-Pseudocob,241121_Smp_UCYNA_Z-31,883,1605,Flag,Flag,-3.251124437781113,-271.5983398662667
Ado-Pseudocob,241121_Smp_UCYNA_Z-32,802,1605,Flag,Flag,-3.251124437781113,-246.6838828683419
Ado-Pseudocob,241121_Smp_UCYNA_Z-33,422,1605,Flag,Flag,-3.251124437781113,-129.8012451002996
Ado-Pseudocob,241121_Smp_UCYNA_Z-34,896,1605,Flag,Flag,-3.251124437781113,-275.5969564214892
Ado-Pseudocob,241121_Smp_UCYNA_Z-35,739,1605,Flag,Flag,-3.251124437781113,-227.30597186995593
Ado-Pseudocob,241121_Smp_UCYNA_Z-36,734,1605,Flag,Flag,-3.251124437781113,-225.7680424256396
Ado-Pseudocob,241121_Smp_UCYNA_Z-37,236,1605,Flag,Flag,-3.251124437781113,-72.59026977173153
Ado-Pseudocob,241121_Smp_UCYNA_Z-38,403,1605,Flag,Flag,-3.251124437781113,-123.9571132118975
Ado-Pseudocob,241121_Smp_UCYNA_Z-39,214,1605,Flag,Flag,-3.251124437781113,-65.82338021673961
Ado-Pseudocob,241121_Smp_UCYNA_Z-40,301,1605,Flag,Flag,-3.251124437781113,-92.58335254784403
Ado-Pseudocob,241121_Smp_UCYNA_Z-41,289,1605,Flag,Flag,-3.251124437781113,-88.8923218814848
Ado-Pseudocob,241121_Smp_UCYNA_Z-42,428,1605,Flag,Flag,-3.251124437781113,-131.64676043347922
B1_IS,241121_Std_0nM_UCYNA_B12_1,10897850,22479409,NA,Flag,-131396.94527736132,-82.93838168761154
B1_IS,241121_Std_0nM_UCYNA_B12_2,9654836,22479409,NA,Flag,-131396.94527736132,-73.47839007687688
B1_IS,241121_Std_1nM_UCYNA_B12_1,8941299,22479409,NA,Flag,-131396.94527736132,-68.04799747152506
B1_IS,241121_Std_1nM_UCYNA_B12_2,9634916,22479409,NA,Flag,-131396.94527736132,-73.32678837899911
B1_IS,241121_Std_5nM_UCYNA_B12_1,13010969,22479409,NA,Flag,-131396.94527736132,-99.02033089533087
B1_IS,241121_Std_5nM_UCYNA_B12_2,20503738,22479409,NA,Flag,-131396.94527736132,-156.04425168879962
B1_IS,241121_Std_10nM_UCYNA_B12_1,13601026,22479409,NA,Flag,-131396.94527736132,-103.51097562648857
B1_IS,241121_Std_10nM_UCYNA_B12_2,10010554,22479409,NA,Flag,-131396.94527736132,-76.1855915209373
B1_IS,241121_Std_20nM_UCYNA_B12_1,7147637,22479409,NA,Flag,-131396.94527736132,-54.39728438825041
B1_IS,241121_Std_20nM_UCYNA_B12_2,8528800,22479409,NA,Flag,-131396.94527736132,-64.90866269377
B1_IS,241121_Std_50nM_RP-Mix234_InH2O,3243,22479409,Flag,Flag,-131396.94527736132,-0.024680939067148498
B1_IS,241121_Poo_UCYNA-culture_Full1,6952813,22479409,NA,Flag,-131396.94527736132,-52.914571075633035
B1_IS,241121_Poo_UCYNA-culture_Full2,6918031,22479409,NA,Flag,-131396.94527736132,-52.64986172545309
B1_IS,241121_Poo_UCYNA-culture_Full3,6308942,22479409,NA,Flag,-131396.94527736132,-48.014373444395304
B1_IS,241121_Smp_UCYNA_Z-2,6361502,22479409,NA,Flag,-131396.94527736132,-48.41438274361495
B1_IS,241121_Smp_UCYNA_Z-4,12115613,22479409,NA,Flag,-131396.94527736132,-92.20619988102133
B1_IS,241121_Smp_UCYNA_Z-7,8285626,22479409,NA,Flag,-131396.94527736132,-63.05798040061096
B1_IS,241121_Smp_UCYNA_Z-12,4752235,22479409,NA,Flag,-131396.94527736132,-36.1670127868549
B1_IS,241121_Smp_UCYNA_Z-13,5165110,22479409,NA,Flag,-131396.94527736132,-39.30920912276268
B1_IS,241121_Smp_UCYNA_Z-17,8278732,22479409,NA,Flag,-131396.94527736132,-63.00551342745988
B1_IS,241121_Smp_UCYNA_Z-19,14347906,22479409,NA,Flag,-131396.94527736132,-109.19512603366461
B1_IS,241121_Smp_UCYNA_Z-20,27259718,22479409,NA,NA,-131396.94527736132,-207.46081990306848
B1_IS,241121_Smp_UCYNA_Z-21,11487879,22479409,NA,Flag,-131396.94527736132,-87.42881332401319
B1_IS,241121_Smp_UCYNA_Z-22,25485690,22479409,NA,NA,-131396.94527736132,-193.95953190694905
B1_IS,241121_Smp_UCYNA_Z-23,28390594,22479409,NA,NA,-131396.94527736132,-216.06738223686455
B1_IS,241121_Smp_UCYNA_Z-24,19075050,22479409,NA,Flag,-131396.94527736132,-145.17118308751492
B1_IS,241121_Smp_UCYNA_Z-25,17223376,22479409,NA,Flag,-131396.94527736132,-131.0789681118063
B1_IS,241121_Smp_UCYNA_Z-26,37799344,22479409,NA,NA,-131396.94527736132,-287.67292816595284
B1_IS,241121_Smp_UCYNA_Z-27,22483632,22479409,NA,NA,-131396.94527736132,-171.11228843669136
B1_IS,241121_Smp_UCYNA_Z-28,9837591,22479409,NA,Flag,-131396.94527736132,-74.86925193910837
B1_IS,241121_Smp_UCYNA_Z-29,7853417,22479409,NA,Flag,-131396.94527736132,-59.76864213564852
B1_IS,241121_Smp_UCYNA_Z-30,15330308,22479409,NA,Flag,-131396.94527736132,-116.67172298138117
B1_IS,241121_Smp_UCYNA_Z-31,18151990,22479409,NA,Flag,-131396.94527736132,-138.14621003314488
B1_IS,241121_Smp_UCYNA_Z-32,19103570,22479409,NA,Flag,-131396.94527736132,-145.388235317609
B1_IS,241121_Smp_UCYNA_Z-33,8662457,22479409,NA,Flag,-131396.94527736132,-65.9258629012624
B1_IS,241121_Smp_UCYNA_Z-34,12361794,22479409,NA,Flag,-131396.94527736132,-94.07976702887508
B1_IS,241121_Smp_UCYNA_Z-35,29837536,22479409,NA,NA,-131396.94527736132,-227.07937339804184
B1_IS,241121_Smp_UCYNA_Z-36,23999974,22479409,NA,NA,-131396.94527736132,-182.65245017180024
B1_IS,241121_Smp_UCYNA_Z-37,16764045,22479409,NA,Flag,-131396.94527736132,-127.58321713349844
B1_IS,241121_Smp_UCYNA_Z-38,13440845,22479409,NA,Flag,-131396.94527736132,-102.29191380079789
B1_IS,241121_Smp_UCYNA_Z-39,10281583,22479409,NA,Flag,-131396.94527736132,-78.24826504373415
B1_IS,241121_Smp_UCYNA_Z-40,14913132,22479409,NA,Flag,-131396.94527736132,-113.49679376883823
B1_IS,241121_Smp_UCYNA_Z-41,15145580,22479409,NA,Flag,-131396.94527736132,-115.26584554937494
B1_IS,241121_Smp_UCYNA_Z-42,9678595,22479409,NA,Flag,-131396.94527736132,-73.65920858791492
B2_IS,241121_Std_0nM_UCYNA_B12_1,27898956,96171988,NA,Flag,14442.655922039174,1931.7053698846908
B2_IS,241121_Std_0nM_UCYNA_B12_2,27574580,96171988,NA,Flag,14442.655922039174,1909.2457889218147
B2_IS,241121_Std_1nM_UCYNA_B12_1,29084824,96171988,NA,Flag,14442.655922039174,2013.8140904968318
B2_IS,241121_Std_1nM_UCYNA_B12_2,28518596,96171988,NA,Flag,14442.655922039174,1974.6088360715742
B2_IS,241121_Std_5nM_UCYNA_B12_1,30461052,96171988,NA,Flag,14442.655922039174,2109.103212347329
B2_IS,241121_Std_5nM_UCYNA_B12_2,28832362,96171988,NA,Flag,14442.655922039174,1996.333787610522
B2_IS,241121_Std_10nM_UCYNA_B12_1,31198284,96171988,NA,Flag,14442.655922039174,2160.1486712975075
B2_IS,241121_Std_10nM_UCYNA_B12_2,28835098,96171988,NA,Flag,14442.655922039174,1996.5232264516028
B2_IS,241121_Std_20nM_UCYNA_B12_1,29804828,96171988,NA,Flag,14442.655922039174,2063.666694054415
B2_IS,241121_Std_20nM_UCYNA_B12_2,26961524,96171988,NA,Flag,14442.655922039174,1866.798194565953
B2_IS,241121_Std_50nM_RP-Mix234_InH2O,664,96171988,Flag,Flag,14442.655922039174,0.04597492342019661
B2_IS,241121_Poo_UCYNA-culture_Full1,42224508,96171988,NA,Flag,14442.655922039174,2923.597171318492
B2_IS,241121_Poo_UCYNA-culture_Full2,38811752,96171988,NA,Flag,14442.655922039174,2687.3001897645518
B2_IS,241121_Poo_UCYNA-culture_Full3,37460200,96171988,NA,Flag,14442.655922039174,2593.7196179295915
B2_IS,241121_Smp_UCYNA_Z-2,29041246,96171988,NA,Flag,14442.655922039174,2010.796778429354
B2_IS,241121_Smp_UCYNA_Z-4,28319556,96171988,NA,Flag,14442.655922039174,1960.827437340315
B2_IS,241121_Smp_UCYNA_Z-7,33142374,96171988,NA,Flag,14442.655922039174,2294.7561846589083
B2_IS,241121_Smp_UCYNA_Z-12,33426390,96171988,NA,Flag,14442.655922039174,2314.421265758472
B2_IS,241121_Smp_UCYNA_Z-13,45975636,96171988,NA,Flag,14442.655922039174,3183.322807672943
B2_IS,241121_Smp_UCYNA_Z-17,22438774,96171988,NA,Flag,14442.655922039174,1553.6459582727389
B2_IS,241121_Smp_UCYNA_Z-19,41815940,96171988,NA,Flag,14442.655922039174,2895.3081916318315
B2_IS,241121_Smp_UCYNA_Z-20,40573808,96171988,NA,Flag,14442.655922039174,2809.3037886532534
B2_IS,241121_Smp_UCYNA_Z-21,22474546,96171988,NA,Flag,14442.655922039174,1556.1227880326596
B2_IS,241121_Smp_UCYNA_Z-22,46379632,96171988,NA,Flag,14442.655922039174,3211.2952250856924
B2_IS,241121_Smp_UCYNA_Z-23,46289536,96171988,NA,Flag,14442.655922039174,3205.057037283786
B2_IS,241121_Smp_UCYNA_Z-24,46570204,96171988,NA,Flag,14442.655922039174,3224.490305064659
B2_IS,241121_Smp_UCYNA_Z-25,30829038,96171988,NA,Flag,14442.655922039174,2134.5823210366434
B2_IS,241121_Smp_UCYNA_Z-26,35964876,96171988,NA,Flag,14442.655922039174,2490.184367344679
B2_IS,241121_Smp_UCYNA_Z-27,25404180,96171988,NA,Flag,14442.655922039174,1758.968719959172
B2_IS,241121_Smp_UCYNA_Z-28,28576214,96171988,NA,Flag,14442.655922039174,1978.5982685077563
B2_IS,241121_Smp_UCYNA_Z-29,27700208,96171988,NA,Flag,14442.655922039174,1917.9441890414419
B2_IS,241121_Smp_UCYNA_Z-30,42501688,96171988,NA,Flag,14442.655922039174,2942.788932272724
B2_IS,241121_Smp_UCYNA_Z-31,43059576,96171988,NA,Flag,14442.655922039174,2981.4167305815295
B2_IS,241121_Smp_UCYNA_Z-32,45170672,96171988,NA,Flag,14442.655922039174,3127.5876295765347
B2_IS,241121_Smp_UCYNA_Z-33,26245266,96171988,NA,Flag,14442.655922039174,1817.204961585376
B2_IS,241121_Smp_UCYNA_Z-34,44832316,96171988,NA,Flag,14442.655922039174,3104.1600826055046
B2_IS,241121_Smp_UCYNA_Z-35,44985564,96171988,NA,Flag,14442.655922039174,3114.7708733649897
B2_IS,241121_Smp_UCYNA_Z-36,48401928,96171988,NA,Flag,14442.655922039174,3351.3176704666716
B2_IS,241121_Smp_UCYNA_Z-37,26898328,96171988,NA,Flag,14442.655922039174,1862.4225450773044
B2_IS,241121_Smp_UCYNA_Z-38,28321094,96171988,NA,Flag,14442.655922039174,1960.9339274490806
B2_IS,241121_Smp_UCYNA_Z-39,25357708,96171988,NA,Flag,14442.655922039174,1755.7510292344982
B2_IS,241121_Smp_UCYNA_Z-40,24562746,96171988,NA,Flag,14442.655922039174,1700.7083830417778
B2_IS,241121_Smp_UCYNA_Z-41,29415510,96171988,NA,Flag,14442.655922039174,2036.7105717108848
B2_IS,241121_Smp_UCYNA_Z-42,23983892,96171988,NA,Flag,14442.655922039174,1660.6289126781114
Pyridoxal,241121_Std_0nM_UCYNA_B12_1,3984416,11041237,NA,Flag,-1155.0543478260975,-3449.548506093226
Pyridoxal,241121_Std_0nM_UCYNA_B12_2,3495162,11041237,NA,Flag,-1155.0543478260975,-3025.971900437558
Pyridoxal,241121_Std_1nM_UCYNA_B12_1,3840278,11041237,NA,Flag,-1155.0543478260975,-3324.7595727661674
Pyridoxal,241121_Std_1nM_UCYNA_B12_2,3611411,11041237,NA,Flag,-1155.0543478260975,-3126.6156495553287
Pyridoxal,241121_Std_5nM_UCYNA_B12_1,3917690,11041237,NA,Flag,-1155.0543478260975,-3391.779795793504
Pyridoxal,241121_Std_5nM_UCYNA_B12_2,3615064,11041237,NA,Flag,-1155.0543478260975,-3129.7782713028464
Pyridoxal,241121_Std_10nM_UCYNA_B12_1,3881741,11041237,NA,Flag,-1155.0543478260975,-3360.656584952682
Pyridoxal,241121_Std_10nM_UCYNA_B12_2,3640683,11041237,NA,Flag,-1155.0543478260975,-3151.958180021615
Pyridoxal,241121_Std_20nM_UCYNA_B12_1,3874157,11041237,NA,Flag,-1155.0543478260975,-3354.090660142067
Pyridoxal,241121_Std_20nM_UCYNA_B12_2,3543528,11041237,NA,Flag,-1155.0543478260975,-3067.8452547875313
Pyridoxal,241121_Std_50nM_RP-Mix234_InH2O,19075,11041237,Flag,Flag,-1155.0543478260975,-16.514374441255203
Pyridoxal,241121_Poo_UCYNA-culture_Full1,4598571,11041237,NA,Flag,-1155.0543478260975,-3981.2594174939645
Pyridoxal,241121_Poo_UCYNA-culture_Full2,4479012,11041237,NA,Flag,-1155.0543478260975,-3877.7500023525736
Pyridoxal,241121_Poo_UCYNA-culture_Full3,4501102,11041237,NA,Flag,-1155.0543478260975,-3896.8746435796943
Pyridoxal,241121_Smp_UCYNA_Z-2,3403690,11041237,NA,Flag,-1155.0543478260975,-2946.7790900107952
Pyridoxal,241121_Smp_UCYNA_Z-4,3756027,11041237,NA,Flag,-1155.0543478260975,-3251.8184162235625
Pyridoxal,241121_Smp_UCYNA_Z-7,3646077,11041237,NA,Flag,-1155.0543478260975,-3156.62809015195
Pyridoxal,241121_Smp_UCYNA_Z-12,3787641,11041237,NA,Flag,-1155.0543478260975,-3279.188556909583
Pyridoxal,241121_Smp_UCYNA_Z-13,4047400,11041237,NA,Flag,-1155.0543478260975,-3504.0775419940396
Pyridoxal,241121_Smp_UCYNA_Z-17,3441639,11041237,NA,Flag,-1155.0543478260975,-2979.6338211075813
Pyridoxal,241121_Smp_UCYNA_Z-19,3479218,11041237,NA,Flag,-1155.0543478260975,-3012.168220957014
Pyridoxal,241121_Smp_UCYNA_Z-20,3548424,11041237,NA,Flag,-1155.0543478260975,-3072.084016374131
Pyridoxal,241121_Smp_UCYNA_Z-21,3228022,11041237,NA,Flag,-1155.0543478260975,-2794.6927398484668
Pyridoxal,241121_Smp_UCYNA_Z-22,5568277,11041237,NA,Flag,-1155.0543478260975,-4820.792208158804
Pyridoxal,241121_Smp_UCYNA_Z-23,5104281,11041237,NA,Flag,-1155.0543478260975,-4419.082971815704
Pyridoxal,241121_Smp_UCYNA_Z-24,5467019,11041237,NA,Flag,-1155.0543478260975,-4733.1270691196105
Pyridoxal,241121_Smp_UCYNA_Z-25,3257236,11041237,NA,Flag,-1155.0543478260975,-2819.9850562273305
Pyridoxal,241121_Smp_UCYNA_Z-26,3323850,11041237,NA,Flag,-1155.0543478260975,-2877.6568013927185
Pyridoxal,241121_Smp_UCYNA_Z-27,3238470,11041237,NA,Flag,-1155.0543478260975,-2803.7382016656215
Pyridoxal,241121_Smp_UCYNA_Z-28,3306704,11041237,NA,Flag,-1155.0543478260975,-2862.81247823834
Pyridoxal,241121_Smp_UCYNA_Z-29,3318138,11041237,NA,Flag,-1155.0543478260975,-2872.7115795416858
Pyridoxal,241121_Smp_UCYNA_Z-30,4729540,11041237,NA,Flag,-1155.0543478260975,-4094.6471556956294
Pyridoxal,241121_Smp_UCYNA_Z-31,4897195,11041237,NA,Flag,-1155.0543478260975,-4239.7961699524385
Pyridoxal,241121_Smp_UCYNA_Z-32,4267376,11041237,NA,Flag,-1155.0543478260975,-3694.5239919069913
Pyridoxal,241121_Smp_UCYNA_Z-33,3430762,11041237,NA,Flag,-1155.0543478260975,-2970.216948195522
Pyridoxal,241121_Smp_UCYNA_Z-34,4854241,11041237,NA,Flag,-1155.0543478260975,-4202.608309415104
Pyridoxal,241121_Smp_UCYNA_Z-35,4471604,11041237,NA,Flag,-1155.0543478260975,-3871.3364513244837
Pyridoxal,241121_Smp_UCYNA_Z-36,5270773,11041237,NA,Flag,-1155.0543478260975,-4563.22510704367
Pyridoxal,241121_Smp_UCYNA_Z-37,3362267,11041237,NA,Flag,-1155.0543478260975,-2910.9167082294
Pyridoxal,241121_Smp_UCYNA_Z-38,3441802,11041237,NA,Flag,-1155.0543478260975,-2979.774940008442
Pyridoxal,241121_Smp_UCYNA_Z-39,3232631,11041237,NA,Flag,-1155.0543478260975,-2798.6830282783353
Pyridoxal,241121_Smp_UCYNA_Z-40,3352935,11041237,NA,Flag,-1155.0543478260975,-2902.8374347150725
Pyridoxal,241121_Smp_UCYNA_Z-41,3301167,11041237,NA,Flag,-1155.0543478260975,-2858.0187644097045
Pyridoxal,241121_Smp_UCYNA_Z-42,3374077,11041237,NA,Flag,-1155.0543478260975,-2921.1413353408666
Pyridoxamine,241121_Std_0nM_UCYNA_B12_1,1640,4985,Flag,Flag,-16.814092953523225,-97.5372269282212
Pyridoxamine,241121_Std_0nM_UCYNA_B12_2,81,4985,Flag,Flag,-16.814092953523225,-4.817387427552389
Pyridoxamine,241121_Std_1nM_UCYNA_B12_1,2137,4985,Flag,Flag,-16.814092953523225,-127.09576460098093
Pyridoxamine,241121_Std_1nM_UCYNA_B12_2,2585,4985,Flag,Flag,-16.814092953523225,-153.74008024966574
Pyridoxamine,241121_Std_5nM_UCYNA_B12_1,2374,4985,Flag,Flag,-16.814092953523225,-141.19108337048607
Pyridoxamine,241121_Std_5nM_UCYNA_B12_2,1126,4985,Flag,Flag,-16.814092953523225,-66.96763263486407
Pyridoxamine,241121_Std_10nM_UCYNA_B12_1,1689,4985,Flag,Flag,-16.814092953523225,-100.4514489522961
Pyridoxamine,241121_Std_10nM_UCYNA_B12_2,1282,4985,Flag,Flag,-16.814092953523225,-76.24556397681683
Pyridoxamine,241121_Std_20nM_UCYNA_B12_1,1289,4985,Flag,Flag,-16.814092953523225,-76.66188140882753
Pyridoxamine,241121_Std_20nM_UCYNA_B12_2,1217,4985,Flag,Flag,-16.814092953523225,-72.37975925100318
Pyridoxamine,241121_Std_50nM_RP-Mix234_InH2O,961,4985,Flag,Flag,-16.814092953523225,-57.15443602318328
Pyridoxamine,241121_Poo_UCYNA-culture_Full1,70390,4985,NA,NA,-16.814092953523225,-4186.369148461885
Pyridoxamine,241121_Poo_UCYNA-culture_Full2,61861,4985,NA,NA,-16.814092953523225,-3679.1160945162756
Pyridoxamine,241121_Poo_UCYNA-culture_Full3,50054,4985,NA,NA,-16.814092953523225,-2976.907534551942
Pyridoxamine,241121_Smp_UCYNA_Z-2,661,4985,Flag,Flag,-16.814092953523225,-39.31226036558184
Pyridoxamine,241121_Smp_UCYNA_Z-4,2653,4985,Flag,Flag,-16.814092953523225,-157.7843067320554
Pyridoxamine,241121_Smp_UCYNA_Z-7,1722,4985,Flag,Flag,-16.814092953523225,-102.41408827463226
Pyridoxamine,241121_Smp_UCYNA_Z-12,19,4985,Flag,Flag,-16.814092953523225,-1.130004458314758
Pyridoxamine,241121_Smp_UCYNA_Z-13,2790,4985,Flag,Flag,-16.814092953523225,-165.9322336156934
Pyridoxamine,241121_Smp_UCYNA_Z-17,2125,4985,Flag,Flag,-16.814092953523225,-126.38207757467687
Pyridoxamine,241121_Smp_UCYNA_Z-19,5606,4985,Flag,NA,-16.814092953523225,-333.41078912171224
Pyridoxamine,241121_Smp_UCYNA_Z-20,38397,4985,Flag,NA,-16.814092953523225,-2283.6200624164085
Pyridoxamine,241121_Smp_UCYNA_Z-21,208,4985,Flag,Flag,-16.814092953523225,-12.370575122603665
Pyridoxamine,241121_Smp_UCYNA_Z-22,87386,4985,NA,NA,-16.814092953523225,-5197.187873383865
Pyridoxamine,241121_Smp_UCYNA_Z-23,135461,4985,NA,NA,-16.814092953523225,-8056.396522514496
Pyridoxamine,241121_Smp_UCYNA_Z-24,78641,4985,NA,NA,-16.814092953523225,-4677.088452964783
Pyridoxamine,241121_Smp_UCYNA_Z-25,1901,4985,Flag,Flag,-16.814092953523225,-113.05991975033446
Pyridoxamine,241121_Smp_UCYNA_Z-26,5261,4985,Flag,NA,-16.814092953523225,-312.8922871154706
Pyridoxamine,241121_Smp_UCYNA_Z-27,1780,4985,Flag,Flag,-16.814092953523225,-105.86357556843521
Pyridoxamine,241121_Smp_UCYNA_Z-28,1708,4985,Flag,Flag,-16.814092953523225,-101.58145341061086
Pyridoxamine,241121_Smp_UCYNA_Z-29,1207,4985,Flag,Flag,-16.814092953523225,-71.78502006241646
Pyridoxamine,241121_Smp_UCYNA_Z-30,104306,4985,NA,NA,-16.814092953523225,-6203.486580472586
Pyridoxamine,241121_Smp_UCYNA_Z-31,70674,4985,NA,NA,-16.814092953523225,-4203.259741417747
Pyridoxamine,241121_Smp_UCYNA_Z-32,100831,4985,NA,NA,-16.814092953523225,-5996.814712438703
Pyridoxamine,241121_Smp_UCYNA_Z-33,1894,4985,Flag,Flag,-16.814092953523225,-112.64360231832376
Pyridoxamine,241121_Smp_UCYNA_Z-34,153807,4985,NA,NA,-16.814092953523225,-9147.505037895682
Pyridoxamine,241121_Smp_UCYNA_Z-35,106024,4985,NA,NA,-16.814092953523225,-6305.662773071784
Pyridoxamine,241121_Smp_UCYNA_Z-36,92076,4985,NA,NA,-16.814092953523225,-5476.120552831034
Pyridoxamine,241121_Smp_UCYNA_Z-37,1401,4985,Flag,Flag,-16.814092953523225,-83.32296032099873
Pyridoxamine,241121_Smp_UCYNA_Z-38,1416,4985,Flag,Flag,-16.814092953523225,-84.2150691038788
Pyridoxamine,241121_Smp_UCYNA_Z-39,1970,4985,Flag,Flag,-16.814092953523225,-117.16362015158279
Pyridoxamine,241121_Smp_UCYNA_Z-40,101,4985,Flag,Flag,-16.814092953523225,-6.006865804725818
Pyridoxamine,241121_Smp_UCYNA_Z-41,202,4985,Flag,Flag,-16.814092953523225,-12.013731609451636
Pyridoxamine,241121_Smp_UCYNA_Z-42,3180,4985,Flag,Flag,-16.814092953523225,-189.12706197057528
Vitamin B1,241121_Std_0nM_UCYNA_B12_1,107450,522493,NA,Flag,2060.5228635682165,52.14695837634549
Vitamin B1,241121_Std_0nM_UCYNA_B12_2,122938,522493,NA,Flag,2060.5228635682165,59.663497150964744
Vitamin B1,241121_Std_1nM_UCYNA_B12_1,104650,522493,NA,Flag,2060.5228635682165,50.78807998217362
Vitamin B1,241121_Std_1nM_UCYNA_B12_2,75290,522493,NA,Flag,2060.5228635682165,36.53926939185716
Vitamin B1,241121_Std_5nM_UCYNA_B12_1,91818,522493,NA,Flag,2060.5228635682165,44.560534427168825
Vitamin B1,241121_Std_5nM_UCYNA_B12_2,61079,522493,NA,Flag,2060.5228635682165,29.642476227722717
Vitamin B1,241121_Std_10nM_UCYNA_B12_1,88790,522493,NA,Flag,2060.5228635682165,43.09100450661439
Vitamin B1,241121_Std_10nM_UCYNA_B12_2,77861,522493,NA,Flag,2060.5228635682165,37.787010945934256
Vitamin B1,241121_Std_20nM_UCYNA_B12_1,66129,522493,NA,Flag,2060.5228635682165,32.093310474354126
Vitamin B1,241121_Std_20nM_UCYNA_B12_2,226345,522493,NA,Flag,2060.5228635682165,109.8483321888685
Vitamin B1,241121_Std_50nM_RP-Mix234_InH2O,0,522493,Flag,Flag,2060.5228635682165,0
Vitamin B1,241121_Poo_UCYNA-culture_Full1,741184,522493,NA,NA,2060.5228635682165,359.70675846638676
Vitamin B1,241121_Poo_UCYNA-culture_Full2,1238149,522493,NA,NA,2060.5228635682165,600.8906874519664
Vitamin B1,241121_Poo_UCYNA-culture_Full3,1052609,522493,NA,NA,2060.5228635682165,510.8455812895919
Vitamin B1,241121_Smp_UCYNA_Z-2,138221,522493,NA,Flag,2060.5228635682165,67.08054661458213
Vitamin B1,241121_Smp_UCYNA_Z-4,199080,522493,NA,Flag,2060.5228635682165,96.61625382561992
Vitamin B1,241121_Smp_UCYNA_Z-7,9188,522493,Flag,Flag,2060.5228635682165,4.459062387732549
Vitamin B1,241121_Smp_UCYNA_Z-12,31298,522493,Flag,Flag,2060.5228635682165,15.189348564568274
Vitamin B1,241121_Smp_UCYNA_Z-13,20641,522493,Flag,Flag,2060.5228635682165,10.017360333607698
Vitamin B1,241121_Smp_UCYNA_Z-17,646558,522493,NA,NA,2060.5228635682165,313.7834631353484
Vitamin B1,241121_Smp_UCYNA_Z-19,161605,522493,NA,Flag,2060.5228635682165,78.42912246076605
Vitamin B1,241121_Smp_UCYNA_Z-20,967023,522493,NA,NA,2060.5228635682165,469.3095219168799
Vitamin B1,241121_Smp_UCYNA_Z-21,2472,522493,Flag,Flag,2060.5228635682165,1.199695496568879
Vitamin B1,241121_Smp_UCYNA_Z-22,6692491,522493,NA,NA,2060.5228635682165,3247.95765110346
Vitamin B1,241121_Smp_UCYNA_Z-23,6970586,522493,NA,NA,2060.5228635682165,3382.920967898898
Vitamin B1,241121_Smp_UCYNA_Z-24,1954356,522493,NA,NA,2060.5228635682165,948.4757653286279
Vitamin B1,241121_Smp_UCYNA_Z-25,233673,522493,NA,Flag,2060.5228635682165,113.40471107190116
Vitamin B1,241121_Smp_UCYNA_Z-26,1867675,522493,NA,NA,2060.5228635682165,906.4082874410523
Vitamin B1,241121_Smp_UCYNA_Z-27,140674,522493,NA,Flag,2060.5228635682165,68.27102115061913
Vitamin B1,241121_Smp_UCYNA_Z-28,250965,522493,NA,Flag,2060.5228635682165,121.79675578333686
Vitamin B1,241121_Smp_UCYNA_Z-29,295820,522493,NA,Flag,2060.5228635682165,143.565502344258
Vitamin B1,241121_Smp_UCYNA_Z-30,2317950,522493,NA,NA,2060.5228635682165,1124.932919203816
Vitamin B1,241121_Smp_UCYNA_Z-31,1737712,522493,NA,NA,2060.5228635682165,843.3354614618527
Vitamin B1,241121_Smp_UCYNA_Z-32,2190582,522493,NA,NA,2060.5228635682165,1063.1194823077865
Vitamin B1,241121_Smp_UCYNA_Z-33,620430,522493,NA,NA,2060.5228635682165,301.10318646287607
Vitamin B1,241121_Smp_UCYNA_Z-34,2009474,522493,NA,NA,2060.5228635682165,975.225286517901
Vitamin B1,241121_Smp_UCYNA_Z-35,10660454,522493,NA,NA,2060.5228635682165,5173.66450452253
Vitamin B1,241121_Smp_UCYNA_Z-36,4594020,522493,NA,NA,2060.5228635682165,2229.5409001405183
Vitamin B1,241121_Smp_UCYNA_Z-37,291712,522493,NA,Flag,2060.5228635682165,141.571833614523
Vitamin B1,241121_Smp_UCYNA_Z-38,279078,522493,NA,Flag,2060.5228635682165,135.44038017453462
Vitamin B1,241121_Smp_UCYNA_Z-39,144465,522493,NA,Flag,2060.5228635682165,70.1108454335854
Vitamin B1,241121_Smp_UCYNA_Z-40,604301,522493,NA,NA,2060.5228635682165,293.2755615987339
Vitamin B1,241121_Smp_UCYNA_Z-41,185129,522493,NA,Flag,2060.5228635682165,89.84564222665857
Vitamin B1,241121_Smp_UCYNA_Z-42,526371,522493,NA,NA,2060.5228635682165,255.45506400665752
Vitamin B2,241121_Std_0nM_UCYNA_B12_1,71224,218750,NA,Flag,-166.74100449775167,-427.1534780214208
Vitamin B2,241121_Std_0nM_UCYNA_B12_2,73997,218750,NA,Flag,-166.74100449775167,-443.7840603329085
Vitamin B2,241121_Std_1nM_UCYNA_B12_1,72628,218750,NA,Flag,-166.74100449775167,-435.5737223652105
Vitamin B2,241121_Std_1nM_UCYNA_B12_2,92069,218750,NA,Flag,-166.74100449775167,-552.1677182965601
Vitamin B2,241121_Std_5nM_UCYNA_B12_1,84732,218750,NA,Flag,-166.74100449775167,-508.16534454272477
Vitamin B2,241121_Std_5nM_UCYNA_B12_2,74260,218750,NA,Flag,-166.74100449775167,-445.3613568161113
Vitamin B2,241121_Std_10nM_UCYNA_B12_1,55299,218750,NA,Flag,-166.74100449775167,-331.6460768997325
Vitamin B2,241121_Std_10nM_UCYNA_B12_2,88416,218750,NA,Flag,-166.74100449775167,-530.2594899576259
Vitamin B2,241121_Std_20nM_UCYNA_B12_1,86948,218750,NA,Flag,-166.74100449775167,-521.4554168118401
Vitamin B2,241121_Std_20nM_UCYNA_B12_2,63452,218750,NA,Flag,-166.74100449775167,-380.5422678790182
Vitamin B2,241121_Std_50nM_RP-Mix234_InH2O,6082,218750,Flag,Flag,-166.74100449775167,-36.47573083969282
Vitamin B2,241121_Poo_UCYNA-culture_Full1,2067670,218750,NA,NA,-166.74100449775167,-12400.489047239009
Vitamin B2,241121_Poo_UCYNA-culture_Full2,1912318,218750,NA,NA,-166.74100449775167,-11468.792608993701
Vitamin B2,241121_Poo_UCYNA-culture_Full3,1857511,218750,NA,NA,-166.74100449775167,-11140.097216009315
Vitamin B2,241121_Smp_UCYNA_Z-2,101664,218750,NA,Flag,-166.74100449775167,-609.7120519708207
Vitamin B2,241121_Smp_UCYNA_Z-4,62750,218750,NA,Flag,-166.74100449775167,-376.3321457071234
Vitamin B2,241121_Smp_UCYNA_Z-7,78772,218750,NA,Flag,-166.74100449775167,-472.421287356837
Vitamin B2,241121_Smp_UCYNA_Z-12,45892,218750,NA,Flag,-166.74100449775167,-275.2292403313356
Vitamin B2,241121_Smp_UCYNA_Z-13,83971,218750,NA,Flag,-166.74100449775167,-503.60138019398977
Vitamin B2,241121_Smp_UCYNA_Z-17,64451,218750,NA,Flag,-166.74100449775167,-386.5335955851763
Vitamin B2,241121_Smp_UCYNA_Z-19,1013299,218750,NA,NA,-166.74100449775167,-6077.0834567790025
Vitamin B2,241121_Smp_UCYNA_Z-20,1794926,218750,NA,NA,-166.74100449775167,-10764.754628932336
Vitamin B2,241121_Smp_UCYNA_Z-21,83512,218750,NA,Flag,-166.74100449775167,-500.8486080046739
Vitamin B2,241121_Smp_UCYNA_Z-22,2587972,218750,NA,NA,-166.74100449775167,-15520.909255616822
Vitamin B2,241121_Smp_UCYNA_Z-23,3310978,218750,NA,NA,-166.74100449775167,-19857.011237116814
Vitamin B2,241121_Smp_UCYNA_Z-24,2729962,218750,NA,NA,-166.74100449775167,-16372.469436795378
Vitamin B2,241121_Smp_UCYNA_Z-25,97230,218750,NA,Flag,-166.74100449775167,-583.1199127825276
Vitamin B2,241121_Smp_UCYNA_Z-26,166303,218750,NA,Flag,-166.74100449775167,-997.3731446618605
Vitamin B2,241121_Smp_UCYNA_Z-27,90140,218750,NA,Flag,-166.74100449775167,-540.5988783113961
Vitamin B2,241121_Smp_UCYNA_Z-28,46254,218750,NA,Flag,-166.74100449775167,-277.4002719926261
Vitamin B2,241121_Smp_UCYNA_Z-29,63520,218750,NA,Flag,-166.74100449775167,-380.95008598113907
Vitamin B2,241121_Smp_UCYNA_Z-30,2744974,218750,NA,NA,-166.74100449775167,-16462.50128016359
Vitamin B2,241121_Smp_UCYNA_Z-31,2833008,218750,NA,NA,-166.74100449775167,-16990.4697919593
Vitamin B2,241121_Smp_UCYNA_Z-32,3755821,218750,NA,NA,-166.74100449775167,-22524.87929596612
Vitamin B2,241121_Smp_UCYNA_Z-33,116511,218750,NA,Flag,-166.74100449775167,-698.7543367088869
Vitamin B2,241121_Smp_UCYNA_Z-34,4429569,218750,NA,NA,-166.74100449775167,-26565.56504107979
Vitamin B2,241121_Smp_UCYNA_Z-35,2719137,218750,NA,NA,-166.74100449775167,-16307.548393332754
Vitamin B2,241121_Smp_UCYNA_Z-36,2456220,218750,NA,NA,-166.74100449775167,-14730.74968810758
Vitamin B2,241121_Smp_UCYNA_Z-37,115661,218750,NA,Flag,-166.74100449775167,-693.656610432376
Vitamin B2,241121_Smp_UCYNA_Z-38,90028,218750,NA,Flag,-166.74100449775167,-539.9271779079029
Vitamin B2,241121_Smp_UCYNA_Z-39,122834,218750,NA,Flag,-166.74100449775167,-736.6754228810963
Vitamin B2,241121_Smp_UCYNA_Z-40,86845,218750,NA,Flag,-166.74100449775167,-520.8376923336276
Vitamin B2,241121_Smp_UCYNA_Z-41,109341,218750,NA,Flag,-166.74100449775167,-655.7535162352602
Vitamin B2,241121_Smp_UCYNA_Z-42,106115,218750,NA,Flag,-166.74100449775167,-636.4061456846438
Vitamin B3,241121_Std_0nM_UCYNA_B12_1,288124,823258.5,NA,Flag,596.458395802099,483.0580004034308
Vitamin B3,241121_Std_0nM_UCYNA_B12_2,230751,823258.5,NA,Flag,596.458395802099,386.8685588534522
Vitamin B3,241121_Std_1nM_UCYNA_B12_1,282145,823258.5,NA,Flag,596.458395802099,473.03383100271407
Vitamin B3,241121_Std_1nM_UCYNA_B12_2,220614,823258.5,NA,Flag,596.458395802099,369.87324103858924
Vitamin B3,241121_Std_5nM_UCYNA_B12_1,324939,823258.5,NA,Flag,596.458395802099,544.7806624685566
Vitamin B3,241121_Std_5nM_UCYNA_B12_2,219655,823258.5,NA,Flag,596.458395802099,368.265417246101
Vitamin B3,241121_Std_10nM_UCYNA_B12_1,294240,823258.5,NA,Flag,596.458395802099,493.31185891736015
Vitamin B3,241121_Std_10nM_UCYNA_B12_2,251799,823258.5,NA,Flag,596.458395802099,422.1568541446859
Vitamin B3,241121_Std_20nM_UCYNA_B12_1,304155,823258.5,NA,Flag,596.458395802099,509.9349797750465
Vitamin B3,241121_Std_20nM_UCYNA_B12_2,230257,823258.5,NA,Flag,596.458395802099,386.0403367955907
Vitamin B3,241121_Std_50nM_RP-Mix234_InH2O,2897,823258.5,Flag,Flag,596.458395802099,4.857002634868109
Vitamin B3,241121_Poo_UCYNA-culture_Full1,2865404,823258.5,NA,NA,596.458395802099,4804.029954422374
Vitamin B3,241121_Poo_UCYNA-culture_Full2,2497075,823258.5,NA,NA,596.458395802099,4186.503229017357
Vitamin B3,241121_Poo_UCYNA-culture_Full3,2498146,823258.5,NA,NA,596.458395802099,4188.298827851304
Vitamin B3,241121_Smp_UCYNA_Z-2,255065,823258.5,NA,Flag,596.458395802099,427.63250847864487
Vitamin B3,241121_Smp_UCYNA_Z-4,233551,823258.5,NA,Flag,596.458395802099,391.5629348899143
Vitamin B3,241121_Smp_UCYNA_Z-7,264892,823258.5,NA,Flag,596.458395802099,444.1080918037567
Vitamin B3,241121_Smp_UCYNA_Z-12,277322,823258.5,NA,Flag,596.458395802099,464.9477682799081
Vitamin B3,241121_Smp_UCYNA_Z-13,361870,823258.5,NA,Flag,596.458395802099,606.6978058266216
Vitamin B3,241121_Smp_UCYNA_Z-17,253817,823258.5,NA,Flag,596.458395802099,425.5401580166789
Vitamin B3,241121_Smp_UCYNA_Z-19,1525603,823258.5,NA,NA,596.458395802099,2557.7693444123893
Vitamin B3,241121_Smp_UCYNA_Z-20,2940309,823258.5,NA,NA,596.458395802099,4929.6128962120865
Vitamin B3,241121_Smp_UCYNA_Z-21,250084,823258.5,NA,Flag,596.458395802099,419.2815488223528
Vitamin B3,241121_Smp_UCYNA_Z-22,4095361,823258.5,NA,NA,596.458395802099,6866.130192521951
Vitamin B3,241121_Smp_UCYNA_Z-23,3749036,823258.5,NA,NA,596.458395802099,6285.494556512045
Vitamin B3,241121_Smp_UCYNA_Z-24,2288819,823258.5,NA,NA,596.458395802099,3837.348951928267
Vitamin B3,241121_Smp_UCYNA_Z-25,213840,823258.5,NA,Flag,596.458395802099,358.51620415609125
Vitamin B3,241121_Smp_UCYNA_Z-26,237593,823258.5,NA,Flag,596.458395802099,398.33960201112137
Vitamin B3,241121_Smp_UCYNA_Z-27,212620,823258.5,NA,Flag,596.458395802099,356.4707974544899
Vitamin B3,241121_Smp_UCYNA_Z-28,241737,823258.5,NA,Flag,596.458395802099,405.28727854508526
Vitamin B3,241121_Smp_UCYNA_Z-29,213442,823258.5,NA,Flag,596.458395802099,357.8489321337656
Vitamin B3,241121_Smp_UCYNA_Z-30,3121429,823258.5,NA,NA,596.458395802099,5233.271963256378
Vitamin B3,241121_Smp_UCYNA_Z-31,3497565,823258.5,NA,NA,596.458395802099,5863.887614988774
Vitamin B3,241121_Smp_UCYNA_Z-32,4276628,823258.5,NA,NA,596.458395802099,7170.035714308157
Vitamin B3,241121_Smp_UCYNA_Z-33,220392,823258.5,NA,Flag,596.458395802099,369.5010440814126
Vitamin B3,241121_Smp_UCYNA_Z-34,4328113,823258.5,NA,NA,596.458395802099,7256.353553678604
Vitamin B3,241121_Smp_UCYNA_Z-35,2192714,823258.5,NA,NA,596.458395802099,3676.2228772910566
Vitamin B3,241121_Smp_UCYNA_Z-36,2268423,823258.5,NA,NA,596.458395802099,3803.153775628381
Vitamin B3,241121_Smp_UCYNA_Z-37,236927,823258.5,NA,Flag,596.458395802099,397.22301113959145
Vitamin B3,241121_Smp_UCYNA_Z-38,198859,823258.5,NA,Flag,596.458395802099,333.3996157981489
Vitamin B3,241121_Smp_UCYNA_Z-39,243939,823258.5,NA,Flag,596.458395802099,408.9790699851887
Vitamin B3,241121_Smp_UCYNA_Z-40,324596,823258.5,NA,Flag,596.458395802099,544.20560140409
Vitamin B3,241121_Smp_UCYNA_Z-41,237610,823258.5,NA,Flag,596.458395802099,398.3681035799142
Vitamin B3,241121_Smp_UCYNA_Z-42,287027,823258.5,NA,Flag,596.458395802099,481.21881093485973
Vitamin B5,241121_Std_0nM_UCYNA_B12_1,18235,51240,Flag,Flag,354.9613943028486,51.37178378458286
Vitamin B5,241121_Std_0nM_UCYNA_B12_2,10760,51240,Flag,Flag,354.9613943028486,30.31315566340069
Vitamin B5,241121_Std_1nM_UCYNA_B12_1,19541,51240,Flag,Flag,354.9613943028486,55.051057139266995
Vitamin B5,241121_Std_1nM_UCYNA_B12_2,12708,51240,Flag,Flag,354.9613943028486,35.8010764098974
Vitamin B5,241121_Std_5nM_UCYNA_B12_1,16741,51240,Flag,Flag,354.9613943028486,47.16287536812184
Vitamin B5,241121_Std_5nM_UCYNA_B12_2,17067,51240,Flag,Flag,354.9613943028486,48.08128510290516
Vitamin B5,241121_Std_10nM_UCYNA_B12_1,21324,51240,Flag,Flag,354.9613943028486,60.074138602821215
Vitamin B5,241121_Std_10nM_UCYNA_B12_2,21252,51240,Flag,Flag,354.9613943028486,59.87129964299177
Vitamin B5,241121_Std_20nM_UCYNA_B12_1,20603,51240,Flag,Flag,354.9613943028486,58.04293179675134
Vitamin B5,241121_Std_20nM_UCYNA_B12_2,22622,51240,Flag,Flag,354.9613943028486,63.73087429530208
Vitamin B5,241121_Std_50nM_RP-Mix234_InH2O,43,51240,Flag,Flag,354.9613943028486,0.1211399343425864
Vitamin B5,241121_Poo_UCYNA-culture_Full1,2338942,51240,NA,NA,354.9613943028486,6589.285588630644
Vitamin B5,241121_Poo_UCYNA-culture_Full2,1923294,51240,NA,NA,354.9613943028486,5418.3188111974505
Vitamin B5,241121_Poo_UCYNA-culture_Full3,1899538,51240,NA,NA,354.9613943028486,5351.393223284835
Vitamin B5,241121_Smp_UCYNA_Z-2,12092,51240,Flag,Flag,354.9613943028486,34.06567642024546
Vitamin B5,241121_Smp_UCYNA_Z-4,13390,51240,Flag,Flag,354.9613943028486,37.722412112726325
Vitamin B5,241121_Smp_UCYNA_Z-7,16480,51240,Flag,Flag,354.9613943028486,46.42758413874009
Vitamin B5,241121_Smp_UCYNA_Z-12,17467,51240,Flag,Flag,354.9613943028486,49.20816821306876
Vitamin B5,241121_Smp_UCYNA_Z-13,22555,51240,Flag,Flag,354.9613943028486,63.542121374349676
Vitamin B5,241121_Smp_UCYNA_Z-17,20496,51240,Flag,Flag,354.9613943028486,57.74149056478258
Vitamin B5,241121_Smp_UCYNA_Z-19,1241075,51240,NA,NA,354.9613943028486,3496.3661398657073
Vitamin B5,241121_Smp_UCYNA_Z-20,2405225,51240,NA,NA,354.9613943028486,6776.018571608079
Vitamin B5,241121_Smp_UCYNA_Z-21,13112,51240,Flag,Flag,354.9613943028486,36.939228351162626
Vitamin B5,241121_Smp_UCYNA_Z-22,2307194,51240,NA,NA,354.9613943028486,6499.8448761769605
Vitamin B5,241121_Smp_UCYNA_Z-23,2654578,51240,NA,NA,354.9613943028486,7478.497782029635
Vitamin B5,241121_Smp_UCYNA_Z-24,1595760,51240,NA,NA,354.9613943028486,4495.587479686644
Vitamin B5,241121_Smp_UCYNA_Z-25,76292,51240,NA,NA,354.9613943028486,214.93041560150238
Vitamin B5,241121_Smp_UCYNA_Z-26,176418,51240,NA,NA,354.9613943028486,497.0061613221025
Vitamin B5,241121_Smp_UCYNA_Z-27,117837,51240,NA,NA,354.9613943028486,331.9713126308687
Vitamin B5,241121_Smp_UCYNA_Z-28,16584,51240,Flag,Flag,354.9613943028486,46.72057374738262
Vitamin B5,241121_Smp_UCYNA_Z-29,25118,51240,Flag,Flag,354.9613943028486,70.7626249027229
Vitamin B5,241121_Smp_UCYNA_Z-30,3190416,51240,NA,NA,354.9613943028486,8988.064761989235
Vitamin B5,241121_Smp_UCYNA_Z-31,3649224,51240,NA,NA,354.9613943028486,10280.622227009082
Vitamin B5,241121_Smp_UCYNA_Z-32,4071906,51240,NA,NA,354.9613943028486,11471.405243934503
Vitamin B5,241121_Smp_UCYNA_Z-33,11092,51240,Flag,Flag,354.9613943028486,31.24846864483647
Vitamin B5,241121_Smp_UCYNA_Z-34,3916340,51240,NA,NA,354.9613943028486,11033.143499145228
Vitamin B5,241121_Smp_UCYNA_Z-35,4874238,51240,NA,NA,354.9613943028486,13731.741192793945
Vitamin B5,241121_Smp_UCYNA_Z-36,4062106,51240,NA,NA,354.9613943028486,11443.796607735494
Vitamin B5,241121_Smp_UCYNA_Z-37,88693,51240,NA,NA,354.9613943028486,249.8666092243492
Vitamin B5,241121_Smp_UCYNA_Z-38,202552,51240,NA,NA,354.9613943028486,570.631069324641
Vitamin B5,241121_Smp_UCYNA_Z-39,204492,51240,NA,NA,354.9613943028486,576.0964524089344
Vitamin B5,241121_Smp_UCYNA_Z-40,29920,51240,Flag,Flag,354.9613943028486,84.29085664023687
Vitamin B5,241121_Smp_UCYNA_Z-41,8684,51240,Flag,Flag,354.9613943028486,24.464632321651635
Vitamin B5,241121_Smp_UCYNA_Z-42,18153,51240,Flag,Flag,354.9613943028486,51.140772746999325
Vitamin B6,241121_Std_0nM_UCYNA_B12_1,2696,2898,Flag,Flag,17.53785607196402,153.7246051591118
Vitamin B6,241121_Std_0nM_UCYNA_B12_2,569,2898,Flag,Flag,17.53785607196402,32.444102498343696
Vitamin B6,241121_Std_1nM_UCYNA_B12_1,1459,2898,Flag,Flag,17.53785607196402,83.1914684447864
Vitamin B6,241121_Std_1nM_UCYNA_B12_2,1121,2898,Flag,Flag,17.53785607196402,63.91887328759804
Vitamin B6,241121_Std_5nM_UCYNA_B12_1,501,2898,Flag,Flag,17.53785607196402,28.566775661986277
Vitamin B6,241121_Std_5nM_UCYNA_B12_2,236,2898,Flag,Flag,17.53785607196402,13.456604902652218
Vitamin B6,241121_Std_10nM_UCYNA_B12_1,2662,2898,Flag,Flag,17.53785607196402,151.78594174093308
Vitamin B6,241121_Std_10nM_UCYNA_B12_2,945,2898,Flag,Flag,17.53785607196402,53.88343912290825
Vitamin B6,241121_Std_20nM_UCYNA_B12_1,673,2898,Flag,Flag,17.53785607196402,38.374131777478574
Vitamin B6,241121_Std_20nM_UCYNA_B12_2,2482,2898,Flag,Flag,17.53785607196402,141.5224295270458
Vitamin B6,241121_Std_50nM_RP-Mix234_InH2O,5,2898,Flag,Flag,17.53785607196402,0.28509756149686905
Vitamin B6,241121_Poo_UCYNA-culture_Full1,685,2898,Flag,Flag,17.53785607196402,39.05836592507106
Vitamin B6,241121_Poo_UCYNA-culture_Full2,1377,2898,Flag,Flag,17.53785607196402,78.51586843623774
Vitamin B6,241121_Poo_UCYNA-culture_Full3,247,2898,Flag,Flag,17.53785607196402,14.083819537945331
Vitamin B6,241121_Smp_UCYNA_Z-2,1621,2898,Flag,Flag,17.53785607196402,92.42862943728494
Vitamin B6,241121_Smp_UCYNA_Z-4,641,2898,Flag,Flag,17.53785607196402,36.549507383898614
Vitamin B6,241121_Smp_UCYNA_Z-7,1586,2898,Flag,Flag,17.53785607196402,90.43294650680686
Vitamin B6,241121_Smp_UCYNA_Z-12,254,2898,Flag,Flag,17.53785607196402,14.482956124040948
Vitamin B6,241121_Smp_UCYNA_Z-13,1106,2898,Flag,Flag,17.53785607196402,63.06358060310743
Vitamin B6,241121_Smp_UCYNA_Z-17,588,2898,Flag,Flag,17.53785607196402,33.5274732320318
Vitamin B6,241121_Smp_UCYNA_Z-19,101,2898,Flag,Flag,17.53785607196402,5.758970742236754
Vitamin B6,241121_Smp_UCYNA_Z-20,162,2898,Flag,Flag,17.53785607196402,9.237160992498557
Vitamin B6,241121_Smp_UCYNA_Z-21,608,2898,Flag,Flag,17.53785607196402,34.66786347801928
Vitamin B6,241121_Smp_UCYNA_Z-22,265,2898,Flag,Flag,17.53785607196402,15.110170759334059
Vitamin B6,241121_Smp_UCYNA_Z-23,664,2898,Flag,Flag,17.53785607196402,37.86095616678421
Vitamin B6,241121_Smp_UCYNA_Z-24,1343,2898,Flag,Flag,17.53785607196402,76.57720501805903
Vitamin B6,241121_Smp_UCYNA_Z-25,2760,2898,Flag,Flag,17.53785607196402,157.3738539462717
Vitamin B6,241121_Smp_UCYNA_Z-26,2122,2898,Flag,Flag,17.53785607196402,120.99540509927122
Vitamin B6,241121_Smp_UCYNA_Z-27,1606,2898,Flag,Flag,17.53785607196402,91.57333675279433
Vitamin B6,241121_Smp_UCYNA_Z-28,2118,2898,Flag,Flag,17.53785607196402,120.76732705007373
Vitamin B6,241121_Smp_UCYNA_Z-29,491,2898,Flag,Flag,17.53785607196402,27.99658053899254
Vitamin B6,241121_Smp_UCYNA_Z-30,1256,2898,Flag,Flag,17.53785607196402,71.61650744801351
Vitamin B6,241121_Smp_UCYNA_Z-31,2342,2898,Flag,Flag,17.53785607196402,133.53969780513347
Vitamin B6,241121_Smp_UCYNA_Z-32,1656,2898,Flag,Flag,17.53785607196402,94.42431236776302
Vitamin B6,241121_Smp_UCYNA_Z-33,1723,2898,Flag,Flag,17.53785607196402,98.24461969182107
Vitamin B6,241121_Smp_UCYNA_Z-34,1650,2898,Flag,Flag,17.53785607196402,94.08219529396679
Vitamin B6,241121_Smp_UCYNA_Z-35,1631,2898,Flag,Flag,17.53785607196402,92.99882456027868
Vitamin B6,241121_Smp_UCYNA_Z-36,4207,2898,Flag,NA,17.53785607196402,239.88108824346563
Vitamin B6,241121_Smp_UCYNA_Z-37,1171,2898,Flag,Flag,17.53785607196402,66.76984890256674
Vitamin B6,241121_Smp_UCYNA_Z-38,174,2898,Flag,Flag,17.53785607196402,9.921395140091043
Vitamin B6,241121_Smp_UCYNA_Z-39,1834,2898,Flag,Flag,17.53785607196402,104.57378555705156
Vitamin B6,241121_Smp_UCYNA_Z-40,1144,2898,Flag,Flag,17.53785607196402,65.23032207048364
Vitamin B6,241121_Smp_UCYNA_Z-41,311,2898,Flag,Flag,17.53785607196402,17.733068325105254
Vitamin B6,241121_Smp_UCYNA_Z-42,838,2898,Flag,Flag,17.53785607196402,47.782351306875256
DMB,241121_Std_0nM_UCYNA_B12_1,7198,89533,Flag,Flag,1656238.88,0.0043459914429734925
DMB,241121_Std_0nM_UCYNA_B12_2,28355,89533,Flag,Flag,1656238.88,0.017120114943805692
DMB,241121_Std_1nM_UCYNA_B12_1,13507,89533,Flag,Flag,1656238.88,0.008155224565190742
DMB,241121_Std_1nM_UCYNA_B12_2,53798,89533,NA,Flag,1656238.88,0.0324820294038744
DMB,241121_Std_5nM_UCYNA_B12_1,14677,89533,Flag,Flag,1656238.88,0.008861644402406494
DMB,241121_Std_5nM_UCYNA_B12_2,7806,89533,Flag,Flag,1656238.88,0.004713088247270225
DMB,241121_Std_10nM_UCYNA_B12_1,89706,89533,NA,NA,1656238.88,0.054162476852372896
DMB,241121_Std_10nM_UCYNA_B12_2,5790,89533,Flag,Flag,1656238.88,0.0034958725277600055
DMB,241121_Std_20nM_UCYNA_B12_1,147410,89533,NA,NA,1656238.88,0.08900286171279834
DMB,241121_Std_20nM_UCYNA_B12_2,8425,89533,Flag,Flag,1656238.88,0.0050868266055920635
DMB,241121_Std_50nM_RP-Mix234_InH2O,82811944,89533,NA,NA,1656238.88,50
DMB,241121_Poo_UCYNA-culture_Full1,27940,89533,Flag,Flag,1656238.88,0.016869547223767625
DMB,241121_Poo_UCYNA-culture_Full2,40264,89533,NA,Flag,1656238.88,0.02431050284244022
DMB,241121_Poo_UCYNA-culture_Full3,44174,89533,NA,Flag,1656238.88,0.02667127340954585
DMB,241121_Smp_UCYNA_Z-2,23802,89533,Flag,Flag,1656238.88,0.014371115355050717
DMB,241121_Smp_UCYNA_Z-4,40594,89533,NA,Flag,1656238.88,0.02450974946319338
DMB,241121_Smp_UCYNA_Z-7,37195,89533,Flag,Flag,1656238.88,0.02245750926943582
DMB,241121_Smp_UCYNA_Z-12,43699,89533,NA,Flag,1656238.88,0.02638447903118903
DMB,241121_Smp_UCYNA_Z-13,16850,89533,Flag,Flag,1656238.88,0.010173653211184127
DMB,241121_Smp_UCYNA_Z-17,16926,89533,Flag,Flag,1656238.88,0.010219540311721217
DMB,241121_Smp_UCYNA_Z-19,40820,89533,NA,Flag,1656238.88,0.024646203209527363
DMB,241121_Smp_UCYNA_Z-20,34569,89533,Flag,Flag,1656238.88,0.020871989190351575
DMB,241121_Smp_UCYNA_Z-21,25976,89533,Flag,Flag,1656238.88,0.015683727941466996
DMB,241121_Smp_UCYNA_Z-22,51205,89533,NA,Flag,1656238.88,0.03091643398686547
DMB,241121_Smp_UCYNA_Z-23,33984,89533,Flag,Flag,1656238.88,0.0205187792717437
DMB,241121_Smp_UCYNA_Z-24,237961,89533,NA,NA,1656238.88,0.14367553066982705
DMB,241121_Smp_UCYNA_Z-25,58589,89533,NA,Flag,1656238.88,0.03537472807062711
DMB,241121_Smp_UCYNA_Z-26,18734,89533,Flag,Flag,1656238.88,0.011311170282393082
DMB,241121_Smp_UCYNA_Z-27,34308,89533,Flag,Flag,1656238.88,0.020714403226664985
DMB,241121_Smp_UCYNA_Z-28,57481,89533,NA,Flag,1656238.88,0.03470574244700741
DMB,241121_Smp_UCYNA_Z-29,55716,89533,NA,Flag,1656238.88,0.03364007491479732
DMB,241121_Smp_UCYNA_Z-30,43364,89533,NA,Flag,1656238.88,0.026182213522242637
DMB,241121_Smp_UCYNA_Z-31,27545,89533,Flag,Flag,1656238.88,0.01663105505650248
DMB,241121_Smp_UCYNA_Z-32,38702,89533,Flag,Flag,1656238.88,0.023367402170875257
DMB,241121_Smp_UCYNA_Z-33,22783,89533,Flag,Flag,1656238.88,0.013755865941270502
DMB,241121_Smp_UCYNA_Z-34,24205,89533,Flag,Flag,1656238.88,0.01461443774342503
DMB,241121_Smp_UCYNA_Z-35,17603,89533,Flag,Flag,1656238.88,0.010628297773084522
DMB,241121_Smp_UCYNA_Z-36,39954,89533,Flag,Flag,1656238.88,0.024123331774459977
DMB,241121_Smp_UCYNA_Z-37,27819,89533,Flag,Flag,1656238.88,0.016796490129491467
DMB,241121_Smp_UCYNA_Z-38,58241,89533,NA,Flag,1656238.88,0.03516461345237832
DMB,241121_Smp_UCYNA_Z-39,22187,89533,Flag,Flag,1656238.88,0.01339601446863752
DMB,241121_Smp_UCYNA_Z-40,21911,89533,Flag,Flag,1656238.88,0.01322937184037124
DMB,241121_Smp_UCYNA_Z-41,27190,89533,Flag,Flag,1656238.88,0.01641671399478317
DMB,241121_Smp_UCYNA_Z-42,22349,89533,Flag,Flag,1656238.88,0.013493826446098162
